week_start,week_end,day,slot,program_number,title,recorded_date,week_str,source_row
2023-01-02,2023-01-06,Monday,1,966R1,Satisfied Tenacious Eagles,,2023/01/02 - 2023/01/06,9041
2023-01-02,2023-01-06,Tuesday,1,966R2,Former WA St. House of Reps. & Pastor Matt Shea - What Will Happen in 2023?,,2023/01/02 - 2023/01/06,9045
2023-01-02,2023-01-06,Wednesday,1,966R3,"Tony Bonnallie, Owner of Mission Motors, Stanwood, WA - Cocaine & Grace",,2023/01/02 - 2023/01/06,9049
2023-01-02,2023-01-06,Thursday,1,966R4,"Dr. Bill Henderson, Remnant Gathering Church - It's Time to Break the Back of Shipwreck Faith",,2023/01/02 - 2023/01/06,9053
2023-01-02,2023-01-06,Friday,1,966R5,"Dr. Bill Henderson, Remnant Gathering Church - It's Time to Break the Back of Shipwreck Faith Part 2",,2023/01/02 - 2023/01/06,9057
2023-01-02,2023-01-06,Friday,2,966SW,Former WA St. House of Reps. & Pastor Matt Shea - China/India War & UN & Molech / Satisfied Eagles (OmegaManRadio with Shannon Davis 12/22/22),,2023/01/02 - 2023/01/06,9058
2023-01-02,2023-01-06,Friday,filler,966Sun,"Dr. Bill Henderson, Remnant Gathering Church - It's Time to Break the Back of Shipwreck Faith 1:08:23 length",,2023/01/02 - 2023/01/06,9059
2023-01-09,2023-01-13,Monday,1,967R1,"Dr. Bill Henderson, Remnant Gathering Church - It's Time to Break the Back of Shipwreck Faith Part 3",,2023/01/09 - 2023/01/13,9062
2023-01-09,2023-01-13,Tuesday,1,967R2,Grace for Each Other,,2023/01/09 - 2023/01/13,9066
2023-01-09,2023-01-13,Wednesday,1,967R3,"Tamara Hansen-Gulstrom - Hidden with Christ in Glory; Dr. Hansen's daughters, Tamara, Talitha & Kareen sing ""O Sifuni Mungu""",,2023/01/09 - 2023/01/13,9070
2023-01-09,2023-01-13,Thursday,1,967R4,"Mary Salamon, Regional Director, National Day of Prayer - Slavery & Sex Trafficking",,2023/01/09 - 2023/01/13,9074
2023-01-09,2023-01-13,Friday,1,967R5,"Mary Salamon, PCO Republican Party - Civic Responsibility and the Church",,2023/01/09 - 2023/01/13,9078
2023-01-09,2023-01-13,Friday,2,967SW,"Tony Bonnallie, Owner of Mission Motors, Stanwood, WA - Cocaine & Grace / Satisfied Tenacious Eagles (OmegaManRadio with Shannon Davis 12/30/22)",,2023/01/09 - 2023/01/13,9079
2023-01-09,2023-01-13,Friday,filler,967Sun,Dr. Flo Ellers - Revive Your Work  (Length 1:12:21),,2023/01/09 - 2023/01/13,9080
2023-01-16,2023-01-20,Monday,1,968R1,Defeating Temptation,,2023/01/16 - 2023/01/20,9083
2023-01-16,2023-01-20,Tuesday,1,968R2,"Former WA St. House of Reps. & Pastor Matt Shea - Biden, Illegal Classified Documents & War",,2023/01/16 - 2023/01/20,9087
2023-01-16,2023-01-20,Wednesday,1,968R3,Robert Gelt - Michigan Election Fraud,,2023/01/16 - 2023/01/20,9091
2023-01-16,2023-01-20,Thursday,1,968R4,"Richard Simmons - Men for Nations & 500,000 Men Part 1  050310",,2023/01/16 - 2023/01/20,9095
2023-01-16,2023-01-20,Friday,1,968R5,"Richard Simmons - Men for Nations & 500,000 Men Part 2  051010",,2023/01/16 - 2023/01/20,9099
2023-01-16,2023-01-20,Friday,2,968SW,"Grace for Each Other / Tamara Hansen-Gulstrom - Hidden with Christ in Glory; Dr. Hansen's daughters, Tamara, Talitha & Kareen sing ""O Sifuni Mungu"" (OmegaManRadio with Shannon Davis 01/06/23)",,2023/01/16 - 2023/01/20,9100
2023-01-16,2023-01-20,Friday,filler,968Sun,"Ps. Ray Hannah from Australia, Founder/President International Evangelical Ministries, May 3, 2008  Length 01:20:33",,2023/01/16 - 2023/01/20,9101
2023-01-23,2023-01-27,Monday,1,969R1,"Richard Simmons - Men for Nations & 500,000 Men Part 3  051710",,2023/01/23 - 2023/01/27,9104
2023-01-23,2023-01-27,Tuesday,1,969R2,Issachar & War,,2023/01/23 - 2023/01/27,9108
2023-01-23,2023-01-27,Wednesday,1,969R3,Former WA St. House of Reps. & Pastor Matt Shea - Is Biden Compromised?,,2023/01/23 - 2023/01/27,9112
2023-01-23,2023-01-27,Thursday,1,969R4,"Apostolic Leader Eric Hurd, The Sons of Issachar - COVID Vaccine Caused Deaths",,2023/01/23 - 2023/01/27,9116
2023-01-23,2023-01-27,Friday,1,969R5,Apostolic Leader Dennis Moore - The Throne Room Authority,,2023/01/23 - 2023/01/27,9120
2023-01-23,2023-01-27,Friday,2,969SW,"Former WA St. House of Reps. & Pastor Matt Shea - Biden, Illegal Classified Documents & War 968R2 / Mary Salamon, PCO Republican Party - Civic Responsibility and the Church 967R5",,2023/01/23 - 2023/01/27,9121
2023-01-23,2023-01-27,Friday,filler,969Sun,"Robert Gelt - Michigan Election Fraud / Former WA St. House of Reps. & Pastor Matt Shea - Biden, Illegal Classified Documents & War (OmegaManRadio with Shannon Davis 01/13/23)  1:08:20",,2023/01/23 - 2023/01/27,9122
2023-01-30,2023-02-03,Monday,1,970R1,"Apostolic Leader Eric Hurd, The Sons of Issachar - New York, No More Migrants",,2023/01/30 - 2023/02/03,9125
2023-01-30,2023-02-03,Tuesday,1,970R2,The Unfailing Love of God,,2023/01/30 - 2023/02/03,9129
2023-01-30,2023-02-03,Wednesday,1,970R3,"Dr. Willibroad Ticha, Political Refugee from Cameroon; Dr. Hansen's grandson Jeremiah Gulstrom - Tyranny & A Dysfunctional Church",,2023/01/30 - 2023/02/03,9133
2023-01-30,2023-02-03,Thursday,1,970R4,"Apostolic Leader Eric Hurd, The Sons of Issachar; Dr. Hansen's grandson Jeremiah Gulstrom - Attack on America to Depopulate",,2023/01/30 - 2023/02/03,9137
2023-01-30,2023-02-03,Friday,1,970R5,"The Blood and Communion, July 30, 2005",,2023/01/30 - 2023/02/03,9141
2023-01-30,2023-02-03,Friday,2,970SW,"Former WA St. House of Reps. & Pastor Matt Shea - Is Biden Compromised? / Apostolic Leader Eric Hurd, The Sons of Issachar - COVID Vaccine Caused Deaths (OmegaManRadio with Shannon Davis 01/20/23)",,2023/01/30 - 2023/02/03,9142
2023-01-30,2023-02-03,Friday,filler,970Sun,"Ps. Ray Hannah from Australia - The Goodness of God is Greater Today than We Knew it was Yesterday - Recorded May 10, 2008 1:19:36",,2023/01/30 - 2023/02/03,9143
2023-02-06,2023-02-10,Monday,1,971R1,Dr. EJ Buckardt - We Have Been Warned: Now What Do We Do?,,2023/02/06 - 2023/02/10,9146
2023-02-06,2023-02-10,Tuesday,1,971R2,Apostolic Leader Dennis Moore - Intimacy with God the Father,,2023/02/06 - 2023/02/10,9150
2023-02-06,2023-02-10,Wednesday,1,971R3,Apostolic Leader Eric Hurd - Russia Recruits Americans - Porno Destroys Society - CIA Funds Wooley Mammoths,,2023/02/06 - 2023/02/10,9154
2023-02-06,2023-02-10,Thursday,1,971R4,Apostolic Leader Eric Hurd - Proven Facts of COVID Harm Caused by Vaccines - ICD-10 Billing Codes for Unvaccinated,,2023/02/06 - 2023/02/10,9158
2023-02-06,2023-02-10,Friday,1,971R5,Pastor Ty Gulstrom - Nehemiah Part 1,,2023/02/06 - 2023/02/10,9162
2023-02-06,2023-02-10,Friday,2,971SW,Apostolic Leader Dennis Moore - The Throne Room Authority 969R5 / The Unfailing Love of God 970R2 - Hosted by Dr. EJ Buckardt (OmegaManRadio with Shannon Davis 01/27/23),,2023/02/06 - 2023/02/10,9163
2023-02-06,2023-02-10,Friday,filler,971Sun,Pastor Ty Gulstrom - Nehemiah  - 1:18:09,,2023/02/06 - 2023/02/10,9164
2023-02-13,2023-02-17,Monday,1,972R1,Pastor Ty Gulstrom - Nehemiah Part 2,,2023/02/13 - 2023/02/17,9167
2023-02-13,2023-02-17,Tuesday,1,972R2,Pastor Ty Gulstrom - Nehemiah Part 3,,2023/02/13 - 2023/02/17,9171
2023-02-13,2023-02-17,Wednesday,1,972R3,Guard Sheep from Wolves,,2023/02/13 - 2023/02/17,9175
2023-02-13,2023-02-17,Thursday,1,972R4,"Evangelist Dr. Bill Henderson, Pastor of Disaster, Power Team - Miracles",,2023/02/13 - 2023/02/17,9179
2023-02-13,2023-02-17,Friday,1,972R5,"Apostolic Leader Dennis Moore - Spirits Identified in the House, Senate, Supreme Court and White House",,2023/02/13 - 2023/02/17,9183
2023-02-13,2023-02-17,Friday,2,972SW,"Apostolic Leader Eric Hurd - Russia Recruits Americans - Porno Destroys Society - CIA Funds Wooley Mammoths - Proven Facts of COVID Harm Caused by Vaccines - ICD-10 Billing Codes for Unvaccinated (OmegaManRadio with Shannon Davis 02/03/23) 971R3, 971R4",,2023/02/13 - 2023/02/17,9184
2023-02-13,2023-02-17,Friday,filler,972Sun,Pastor Ty Gulstrom - The Roads of Temptation,,2023/02/13 - 2023/02/17,9185
2023-02-20,2023-02-24,Monday,1,973R1,LIFE IS A VAPOR,,2023/02/20 - 2023/02/24,9188
2023-02-20,2023-02-24,Tuesday,1,973R2,"Dr. Willibroad Ticha, Political Refugee from Cameroon - Cameroon, America, Tyranny & Judgment",,2023/02/20 - 2023/02/24,9192
2023-02-20,2023-02-24,Wednesday,1,973R3,Apostolic Leader Eric Hurd - COVID Digital Currency - COVID Cancer,,2023/02/20 - 2023/02/24,9196
2023-02-20,2023-02-24,Thursday,1,973R4,Kenyan Missionary John Bulinda to America - The Reason God Sent Bulinda to America,,2023/02/20 - 2023/02/24,9200
2023-02-20,2023-02-24,Friday,1,973R5,"Ray Gebauer, Investor Strategist, Unlicensed Holistic Health Doctor - Strategy for Transformation",,2023/02/20 - 2023/02/24,9204
2023-02-20,2023-02-24,Friday,2,973SW,"Evangelist Dr. Bill Henderson, Pastor of Disaster, Power Team - Miracles 972R4 / Guard Sheep from Wolves 972R3 (OmegaManRadio with Shannon Davis 02/10/23)",,2023/02/20 - 2023/02/24,9205
2023-02-20,2023-02-24,Friday,filler,973Sun,Pastor Ty Gulstrom -  Does the Lord's House Lie in Ruins?,,2023/02/20 - 2023/02/24,9206
2023-02-27,2023-03-03,Monday,1,974R1,"Ray Gebauer, Investor Strategist, Unlicensed Holistic Health Doctor - Single Cause & Cure for Every Health Condition",,2023/02/27 - 2023/03/03,9209
2023-02-27,2023-03-03,Tuesday,1,974R2,Kenyan Missionary John Bulinda to America - The Backslidden Church,,2023/02/27 - 2023/03/03,9213
2023-02-27,2023-03-03,Wednesday,1,974R3,Kenyan Apostolic Leader Joe Mwaniki - Repentance or Judgment,,2023/02/27 - 2023/03/03,9217
2023-02-27,2023-03-03,Thursday,1,974R4,"Andrea Walters, Amos Moses Ministries - A Child Sexual Victim Helping Other Victims",,2023/02/27 - 2023/03/03,9221
2023-02-27,2023-03-03,Friday,1,974R5,"Ray Gebauer, Investor Strategist, Unlicensed Holistic Health Doctor - Gateway to Love Part 1 of 3 (Triple-A Formula for a Better Life)",,2023/02/27 - 2023/03/03,9225
2023-02-27,2023-03-03,Friday,2,974SW,"Ray Gebauer, Investor Strategist, Unlicensed Holistic Health Doctor - Single Cause & Cure for Every Health Condition 974R1 / LIFE IS A VAPOR 973R1 (OmegaManRadio with Shannon Davis 02/17/23)",,2023/02/27 - 2023/03/03,9226
2023-02-27,2023-03-03,Friday,filler,974Sun,Pastor Ty Gulstrom - The Good News of Jesus Christ 1:10:25,,2023/02/27 - 2023/03/03,9227
2023-03-06,2023-03-10,Monday,1,975R1,"Ray Gebauer, Investor Strategist, Unlicensed Holistic Health Doctor - Gateway to Love Part 2 of 3 (Triple-A Formula for a Better Life)",,2023/03/06 - 2023/03/10,9230
2023-03-06,2023-03-10,Tuesday,1,975R2,"Andrea Walters, Amos Moses Ministries - From Victim to Survivor (From Surviving to Thriving)",,2023/03/06 - 2023/03/10,9234
2023-03-06,2023-03-10,Wednesday,1,975R3,"Wayne Morrow, Vice President, The John Birch Society - Keeping America Free  (P.O. Box 8040, Appleton, WI 54912 - Tel: (470) 597-6362 - Email: wmorrow@jbs.org - JBS.org - ""Less government, more responsibility, and … with God's help … a better world.""",,2023/03/06 - 2023/03/10,9238
2023-03-06,2023-03-10,Thursday,1,975R4,Kenyan Missionaries to America John & Mary Bulinda - America & Kenya Facing Judgment,,2023/03/06 - 2023/03/10,9242
2023-03-06,2023-03-10,Friday,1,975R5,"Apostolic Leader Eric Hurd - Chicago Mayor Crushing Election Loss - COVID Lies, Deaths, etc.",,2023/03/06 - 2023/03/10,9246
2023-03-06,2023-03-10,Friday,2,975SW,Kenyan Missionary John Bulinda to America - The Issue of Blood,,2023/03/06 - 2023/03/10,9247
2023-03-06,2023-03-10,Friday,filler,975Sun,Apostolic Leader Eric Hurd - COVID Digital Currency - COVID Cancer 973R3 / Kenyan Missionary John Bulinda to America - The Backslidden Church 974R2  (OmegaManRadio with Shannon Davis 02/24/23) 1:19:18,,2023/03/06 - 2023/03/10,9248
2023-03-13,2023-03-17,Monday,1,976R1,Apostolic Leader Eric Hurd - Complacent Christians Leave the Christian View Behind,,2023/03/13 - 2023/03/17,9251
2023-03-13,2023-03-17,Tuesday,1,976R2,"Apostolic Leader Eric Hurd - Over 500,000 C-19 Vaccine Deaths & the Church's Compromise",,2023/03/13 - 2023/03/17,9255
2023-03-13,2023-03-17,Wednesday,1,976R3,Why God Delays Answering Our Prayers,,2023/03/13 - 2023/03/17,9259
2023-03-13,2023-03-17,Thursday,1,976R4,"Pastor Joe Kirkwood - Miracles in Togo, Africa (Corner Stone Outreach Ministries, Amarillo, TX)",,2023/03/13 - 2023/03/17,9263
2023-03-13,2023-03-17,Friday,1,976R5,"Apostolic Leader Eric Hurd - Dr. Ben Carson, ""Many died needlessly"" & Heresy",,2023/03/13 - 2023/03/17,9267
2023-03-13,2023-03-17,Friday,2,976SW,"Word for the Cayman Church - Agape Family Worship Centre, George Town, Grand Cayman, Cayman Islands March 24, 2013, with Senior Pastor Dr. Kathy Ebanks & Pastor Andrew Ebanks",,2023/03/13 - 2023/03/17,9268
2023-03-13,2023-03-17,Friday,filler,976Sun,Kenyan Apostolic Leader Joe Mwaniki - Train Your Body  1:19:18,,2023/03/13 - 2023/03/17,9269
2023-03-20,2023-03-24,Monday,1,977R1,The Reckoning,,2023/03/20 - 2023/03/24,9272
2023-03-20,2023-03-24,Tuesday,1,977R2,"Anna Kane, CEO & Nicole Orozco, Editor-In-Chief, The Flame Newspaper - America's Condition (Spreading Truth Like Wildfire! *Print Newspapers *Podcasts *Media)  (theflameusa.com - info@theflameusa.com)",,2023/03/20 - 2023/03/24,9276
2023-03-20,2023-03-24,Wednesday,1,977R3,"Pastor Joe Kirkwood - Miracles in Africa & Pygmies (Corner Stone Outreach Ministries, Amarillo, TX)",,2023/03/20 - 2023/03/24,9280
2023-03-20,2023-03-24,Thursday,1,977R4,"Pastor Jeff Hastings - Dysfunctional, Compromised Church (Senior Pastor Reset Church, Marysville, WA)",,2023/03/20 - 2023/03/24,9284
2023-03-20,2023-03-24,Friday,1,977R5,"Godly Parenting, Depictions of God",,2023/03/20 - 2023/03/24,9288
2023-03-20,2023-03-24,Friday,2,977SW,"Pastor Joe Kirkwood - Miracles in Togo, Africa 976R4 / Miracles in Africa & Pygmies 977R3 (Corner Stone Outreach Ministries, Amarillo, TX)",,2023/03/20 - 2023/03/24,9289
2023-03-20,2023-03-24,Friday,filler,977Sun,Pastor Ty Gulstrom - Working With God,,2023/03/20 - 2023/03/24,9290
2023-03-27,2023-03-31,Monday,1,978R1,Kenyan Missionary John Bulinda to America - Eagles Arise,,2023/03/27 - 2023/03/31,9293
2023-03-27,2023-03-31,Tuesday,1,978R2,We Must Fight for the Truth,,2023/03/27 - 2023/03/31,9297
2023-03-27,2023-03-31,Wednesday,1,978R3,"Ray Gebauer, Investor Strategist, Unlicensed Holistic Health Doctor - Gateway to Love Part 3 (Triple-A Formula for a Better Life)",,2023/03/27 - 2023/03/31,9301
2023-03-27,2023-03-31,Thursday,1,978R4,Andrea Walters - Victim / Walking through Fear,,2023/03/27 - 2023/03/31,9305
2023-03-27,2023-03-31,Friday,1,978R5,"Pastor Ken Flynn - Revival  (Out of the Valley Church, 4601 Elm St., Everett, WA.)",,2023/03/27 - 2023/03/31,9309
2023-03-27,2023-03-31,Friday,2,978SW,"Pastor Jeff Hastings - Dysfunctional, Compromised Church (Senior Pastor Reset Church, Marysville, WA) 977R4 / Andrea Walters - Victim / Walking through Fear 978R4",,2023/03/27 - 2023/03/31,9310
2023-03-27,2023-03-31,Friday,filler,978Sun,Pastor Ty Gulstrom - The Refining Fire,,2023/03/27 - 2023/03/31,9311
2023-04-03,2023-04-07,Monday,1,979R1,The Fight for the Protection of Family,,2023/04/03 - 2023/04/07,9314
2023-04-03,2023-04-07,Tuesday,1,979R2,Apostolic Leader Eric Hurd - UK & Wales Death by COVID Vaccines - Russia Threatens Nuclear War,,2023/04/03 - 2023/04/07,9318
2023-04-03,2023-04-07,Wednesday,1,979R3,"Pastor Ken Flynn & Elder Michael Pearson - Revival Continues (Out of the Valley Church, Everett, WA.)",,2023/04/03 - 2023/04/07,9322
2023-04-03,2023-04-07,Thursday,1,979R4,"Ray Gebauer, Investor Strategist, Unlicensed Holistic Health Doctor - Path of Life Prayer Formula Part 1",,2023/04/03 - 2023/04/07,9326
2023-04-03,2023-04-07,Friday,1,979R5,Dr. EJ Buckardt - Knowing Him Personally and God Honors Faithfulness,,2023/04/03 - 2023/04/07,9330
2023-04-03,2023-04-07,Friday,2,979SW,Pastor Ty Gulstrom - Taking off the Grave Clothes,,2023/04/03 - 2023/04/07,9331
2023-04-03,2023-04-07,Friday,filler,979Sun,Why God Delays Answering Our Prayers 976R3 / The Reckoning  977R1  (OmegaManRadio with Shannon Davis 03/24/23) 1:08:07,,2023/04/03 - 2023/04/07,9332
2023-04-10,2023-04-14,Monday,1,980R1,God’s Spring Holidays  052722,,2023/04/10 - 2023/04/14,9335
2023-04-10,2023-04-14,Tuesday,1,980R2,The Champion's Heart,,2023/04/10 - 2023/04/14,9339
2023-04-10,2023-04-14,Wednesday,1,980R3,"Ray Gebauer, Unlicensed Holistic Health Doctor - Path of Life Prayer Formula Part 2",,2023/04/10 - 2023/04/14,9343
2023-04-10,2023-04-14,Thursday,1,980R4,Apostolic Leader Eric Hurd - Honorable Michelle Bachman - Uganda Sex Laws,,2023/04/10 - 2023/04/14,9347
2023-04-10,2023-04-14,Friday,1,980R5,Apostolic Leader Eric Hurd - Gender Laws - Protection of Youth - Vaxxed Deaths,,2023/04/10 - 2023/04/14,9351
2023-04-10,2023-04-14,Friday,2,980SW,We Must Fight for the Truth 978R2 / The Fight for the Protection of Family 979R1 (OmegaManRadio with Shannon Davis 03/31/23),,2023/04/10 - 2023/04/14,9352
2023-04-10,2023-04-14,Friday,filler,980Sun,Pastor Ty Gulstrom - Responding to the Word,,2023/04/10 - 2023/04/14,9353
2023-04-17,2023-04-21,Monday,1,981R1,Total Generosity is God's Heart,,2023/04/17 - 2023/04/21,9356
2023-04-17,2023-04-21,Tuesday,1,981R2,"Ray Gebauer, Unlicensed Holistic Health Doctor - Path of Life Prayer Formula Part 3",,2023/04/17 - 2023/04/21,9360
2023-04-17,2023-04-21,Wednesday,1,981R3,Isaac Hurd - The Journey to Pro Ball Part 1,,2023/04/17 - 2023/04/21,9364
2023-04-17,2023-04-21,Thursday,1,981R4,Isaac Hurd - The Journey to Pro Ball Part 2,,2023/04/17 - 2023/04/21,9368
2023-04-17,2023-04-21,Friday,1,981R5,"Apostle Reuben Esh - Demons Influencing Christians Part 1 (Beacon of Truth Ministries International, Garnett, KS)",,2023/04/17 - 2023/04/21,9372
2023-04-17,2023-04-21,Friday,2,981SW,Apostolic Leader Eric Hurd - Honorable Michelle Bachman - Uganda Sex Laws 980R4 / The Champion's Heart 980R2 (OmegaManRadio with Shannon Davis 04/07/23),,2023/04/17 - 2023/04/21,9373
2023-04-17,2023-04-21,Friday,filler,981Sun,Pastor Ty Gulstrom - Ding-Dong Ditch,,2023/04/17 - 2023/04/21,9374
2023-04-24,2023-04-28,Monday,1,982R1,Peace in The Storm,,2023/04/24 - 2023/04/28,9377
2023-04-24,2023-04-28,Tuesday,1,982R2,"Pastor Leo Bogee, Jr. - The Problem in the Church (World Christian Leadership Training Ministries, Oklahoma City. OK)",,2023/04/24 - 2023/04/28,9381
2023-04-24,2023-04-28,Wednesday,1,982R3,"Pastor Leo Bogee, Jr. - Problems with the Church - Demons - Compromise (World Christian Leadership Training Ministries, Oklahoma City. OK)",,2023/04/24 - 2023/04/28,9385
2023-04-24,2023-04-28,Thursday,1,982R4,Apostolic Leader Eric Hurd - God's Peace - Sexual Decriminalization Between Adults & Children,,2023/04/24 - 2023/04/28,9389
2023-04-24,2023-04-28,Friday,1,982R5,"Ray Gebauer, Unlicensed Holistic Health Doctor - Path of Life Prayer Formula Part 4",,2023/04/24 - 2023/04/28,9393
2023-04-24,2023-04-28,Friday,2,982SW,"Apostle Reuben Esh - Demons Influencing Christians (Beacon of Truth Ministries International, Garnett, KS) 981R5 / Total Generosity is God's Heart 981R1 (OmegaManRadio with Shannon Davis 04/14/23)",,2023/04/24 - 2023/04/28,9394
2023-04-24,2023-04-28,Friday,filler,982Sun,Pastor Ty Gulstrom - Despising Our Birthright for a Pot of Porridge  1:19:58,,2023/04/24 - 2023/04/28,9395
2023-05-01,2023-05-05,Monday,1,983R1,Dr. EJ Buckardt - Deception: Satan is Deceiving the Church Part 1,,2023/05/01 - 2023/05/05,9398
2023-05-01,2023-05-05,Tuesday,1,983R2,Dr. EJ Buckardt - Deception: Satan is Deceiving the Church Part 2,,2023/05/01 - 2023/05/05,9402
2023-05-01,2023-05-05,Wednesday,1,983R3,"Apostle Reuben Esh - Demons in Christians Part 2 (Beacon of Truth Ministries International, Garnett, KS)",,2023/05/01 - 2023/05/05,9406
2023-05-01,2023-05-05,Thursday,1,983R4,"Apostle John Polis - Will I Find Faith When I Return? (ICAL Board Member, Faith Church International in WV)",,2023/05/01 - 2023/05/05,9410
2023-05-01,2023-05-05,Friday,1,983R5,Apostolic Leader Eric Hurd - China- Sudan - America - Persecution,,2023/05/01 - 2023/05/05,9414
2023-05-01,2023-05-05,Friday,2,983SW,"Pastor Leo Bogee, Jr. - The Problem in the Church (World Christian Leadership Training Ministries, Oklahoma City. OK) 982R2 / Peace in The Storm 982R1 (OmegaManRadio with Shannon Davis 04/21/23)",,2023/05/01 - 2023/05/05,9415
2023-05-01,2023-05-05,Friday,filler,983Sun,Pastor Ty Gulstrom - The Ministry of Reconciliation 1:18:56,,2023/05/01 - 2023/05/05,9416
2023-05-08,2023-05-12,Monday,1,984R1,Apostolic Leader Dennis Moore - Lack of Passion with Most Pastors,,2023/05/08 - 2023/05/12,9419
2023-05-08,2023-05-12,Tuesday,1,984R2,"Ray Gebauer, Unlicensed Holistic Health Doctor - Path of Life Prayer Formula Part 5",,2023/05/08 - 2023/05/12,9423
2023-05-08,2023-05-12,Wednesday,1,984R3,"Dr. Bree Keyton, The Pygmy Lady - Revival Now Part 1",,2023/05/08 - 2023/05/12,9427
2023-05-08,2023-05-12,Thursday,1,984R4,"Dr. Bree Keyton, The Pygmy Lady - Revival Now Part 2",,2023/05/08 - 2023/05/12,9431
2023-05-08,2023-05-12,Friday,1,984R5,"Rev. Adalia Hansen - Know Your Purpose (Sunday Service, Anointed One's Church of Deliverance International, Ayden, NC with Apostle Ruth Peterson 4-23-23)",,2023/05/08 - 2023/05/12,9435
2023-05-08,2023-05-12,Friday,2,984SW,"Dr. Bree Keyton, The Pygmy Lady - Revival Now",,2023/05/08 - 2023/05/12,9436
2023-05-08,2023-05-12,Friday,filler,984Sun,Pastor Ty Gulstrom - Proclaiming Faith Leads to Saving Faith,,2023/05/08 - 2023/05/12,9437
2023-05-15,2023-05-19,Monday,1,985R1,"Ray Gebauer, Unlicensed Holistic Health Doctor - Getting Off the Freeway of Slow Suicide (OFFER: FREE stethoscope with a donation of $50 or more, shipping included)",,2023/05/15 - 2023/05/19,9440
2023-05-15,2023-05-19,Tuesday,1,985R2,"Josh Reinstein, Director of the Knesset Christian Allies Caucus; Brigadier General, Ret. Amir Avivi; Jurgen Buhler, Director of the International Christian Embassy Jerusalem; Dr. Hansen's address from the Knesset observation chamber",,2023/05/15 - 2023/05/19,9444
2023-05-15,2023-05-19,Wednesday,1,985R3,"Rabbi Yehuda & Hadass Dissen Glick - amitsim.com, Ministering to young widows and orphans",,2023/05/15 - 2023/05/19,9448
2023-05-15,2023-05-19,Thursday,1,985R4,"Rabbi Yehuda Glick, Former Member of Knesset, Shalom Jerusalem Foundation, Global Zionist Movement - Freedom to Pray on Temple Mount",,2023/05/15 - 2023/05/19,9452
2023-05-15,2023-05-19,Friday,1,985R5,"Stephen & Linda Short, His Majesty's Ministries",,2023/05/15 - 2023/05/19,9456
2023-05-15,2023-05-19,Friday,2,985SW,"Peace in the Storm (Friday Night Service, Anointed One's Church of Deliverance International, Ayden, NC with Apostle Ruth Peterson 4-21-23)",,2023/05/15 - 2023/05/19,9457
2023-05-15,2023-05-19,Friday,filler,985Sun,"Rev. Adalia Hansen - Awakening the Women (Women's Service, Anointed One's Church of Deliverance International, Ayden, NC with Apostle Ruth Peterson 4-22-23) 49:30",,2023/05/15 - 2023/05/19,9458
2023-05-22,2023-05-26,Monday,1,986R1,Rev. Adalia Hansen - Foundations,,2023/05/22 - 2023/05/26,9461
2023-05-22,2023-05-26,Tuesday,1,986R2,Dr. Hansen's Calling,,2023/05/22 - 2023/05/26,9465
2023-05-22,2023-05-26,Wednesday,1,986R3,"Ray Gebauer, Unlicensed Holistic Health Doctor - Getting Off the Freeway of Slow Suicide Part 2 (OFFER: FREE stethoscope with a donation of $50 or more, shipping included)",,2023/05/22 - 2023/05/26,9469
2023-05-22,2023-05-26,Thursday,1,986R4,"Semi Bird - Republican Candidate for Governor, Washington State 2024",,2023/05/22 - 2023/05/26,9473
2023-05-22,2023-05-26,Friday,1,986R5,Apostolic Leader Eric Hurd - Foundations - Illegal Aliens - Ukraine Bio-weapons - Depopulation,,2023/05/22 - 2023/05/26,9477
2023-05-22,2023-05-26,Friday,2,986SW,"Rev. Adalia Hansen - Awakening the Women (Women's Service, Anointed One's Church of Deliverance International, Ayden, NC with Apostle Ruth Peterson 4-22-23) (OmegaManRadio with Shannon Davis 05/12/23)",,2023/05/22 - 2023/05/26,9478
2023-05-22,2023-05-26,Friday,filler,986Sun,"Dr. Hansen - The Champion's Heart (Sunday Service, Anointed One's Church of Deliverance International, Ayden, NC with Apostle Ruth Peterson 4-23-23) 1:19:57",,2023/05/22 - 2023/05/26,9479
2023-05-29,2023-06-02,Monday,1,987R1,"Georgene Faries - WA State Ref. 5599, Evil bill, Sex Mutilation (Snohomish County State Committee Woman, Evergreen Republican Women's Legislative Chair, Washington Federation of Republican Women and G3 - God, Government and the Good News)",,2023/05/29 - 2023/06/02,9482
2023-05-29,2023-06-02,Tuesday,1,987R2,Kenyan Apostolic Leader Joe Mwaniki - To Be Born in The Spirit,,2023/05/29 - 2023/06/02,9486
2023-05-29,2023-06-02,Wednesday,1,987R3,Dr. Michael Hyodo - Situation on Kenya. America & Israel,,2023/05/29 - 2023/06/02,9490
2023-05-29,2023-06-02,Thursday,1,987R4,"Dr. Bree Keyton, the Pygmy Lady - Jihad against Pygmies - America Falling - U.S. Kenyan President",,2023/05/29 - 2023/06/02,9494
2023-05-29,2023-06-02,Friday,1,987R5,Apostolic Leader Eric Hurd - America & Judgment - WHO Supersedes Constitution,,2023/05/29 - 2023/06/02,9498
2023-05-29,2023-06-02,Friday,2,987SW,"Roy Kendall music: How Great is Our God & Amazing Grace / Georgene Faries - WA State Ref. 5599, Evil bill, Sex Mutilation (Snohomish County State Committee Woman, Evergreen Republican Women's Legislative Chair, Washington Federation of Republican Women and G3 - God, Government and the Good News) 987R1 / Apostolic Leader Eric Hurd - America & Judgment - WHO Supersedes Constitution 987R5",,2023/05/29 - 2023/06/02,9499
2023-05-29,2023-06-02,Friday,filler,987SUN,Rev. Adalia Hansen - Foundations 986R1 / Dr. Hansen's Calling 986R2 / Apostolic Leader Eric Hurd - Illegal Aliens - Ukraine Bio-weapons - Depopulation 986R5 (OmegaManRadio with Shannon Davis 05/19/23) 1:11:56,,2023/05/29 - 2023/06/02,9500
2023-06-05,2023-06-09,Monday,1,988R1,The Laws of Judgment Part 1,,2023/06/05 - 2023/06/09,9503
2023-06-05,2023-06-09,Tuesday,1,988R2,"Ray Gebauer, Unlicensed Holistic Health Doctor - Getting Off the Freeway of Slow Suicide Part 3",,2023/06/05 - 2023/06/09,9507
2023-06-05,2023-06-09,Wednesday,1,988R3,"Robert Brownell, DivineRevelations.info - Testimonies - Muslims Seeing Jesus - Arising from the Dead - Heaven",,2023/06/05 - 2023/06/09,9511
2023-06-05,2023-06-09,Thursday,1,988R4,"Pastor Leo Bogee - Foundations - Marriages - Germany Similarities (World Christian Leadership Training Ministries, Oklahoma City. OK)",,2023/06/05 - 2023/06/09,9515
2023-06-05,2023-06-09,Friday,1,988R5,Pastor Ronald Dimaline - What's wrong with the church and pastors? (Founder of New Mount Zion Ministries),,2023/06/05 - 2023/06/09,9519
2023-06-05,2023-06-09,Friday,2,988SW,"Georgene Faries - WA State Ref. 5599, Evil bill, Sex Mutilation (Snohomish County State Committee Woman, Evergreen Republican Women's Legislative Chair, Washington Federation of Republican Women and G3 - God, Government and the Good News) 987R1 / Apostolic Leader Eric Hurd - America & Judgment - WHO Supersedes Constitution 987R5 (OmegaManRadio with Shannon Davis 05/26/23)",,2023/06/05 - 2023/06/09,9520
2023-06-05,2023-06-09,Friday,filler,988Sun,Pastor Ty Gulstrom - The Parable of the Good Samaritan   1:19:52,,2023/06/05 - 2023/06/09,9521
2023-06-12,2023-06-16,Monday,1,989R1,The Laws of Judgment Part 2,,2023/06/12 - 2023/06/16,9524
2023-06-12,2023-06-16,Tuesday,1,989R2,God's Relationship to Time,,2023/06/12 - 2023/06/16,9528
2023-06-12,2023-06-16,Wednesday,1,989R3,"Mary Salamon, PCO Republican Party - The Proverbs 31 Woman",,2023/06/12 - 2023/06/16,9532
2023-06-12,2023-06-16,Thursday,1,989R4,Apostolic Leader Eric Hurd - Elites want pedophilia legal - Child sex trafficking surpassing drug trafficking - Gov't trying to coverup COVID vax deaths,,2023/06/12 - 2023/06/16,9536
2023-06-12,2023-06-16,Friday,1,989R5,"Rev. David Welch, President U.S. Pastor Council",,2023/06/12 - 2023/06/16,9540
2023-06-12,2023-06-16,Friday,2,989SW,"Semi Bird - Republican Candidate for Governor, Washington State 2024 986R4 / Dr. Michael Hyodo - Situation on Kenya. America & Israel 987R3 (OmegaManRadio with Shannon Davis 06/02/23)",,2023/06/12 - 2023/06/16,9541
2023-06-12,2023-06-16,Friday,filler,989Sun,Pastor Ty Gulstrom - The Martha Mentality  1:17:56,,2023/06/12 - 2023/06/16,9542
2023-06-19,2023-06-23,Monday,1,990R1,The Laws of Judgment Part 3,,2023/06/19 - 2023/06/23,9545
2023-06-19,2023-06-23,Tuesday,1,990R2,Demons,,2023/06/19 - 2023/06/23,9549
2023-06-19,2023-06-23,Wednesday,1,990R3,Joan Hunter - Joan's Breast Cancer - Worry & Fear (Joan Hunter Ministries) TV,,2023/06/19 - 2023/06/23,9553
2023-06-19,2023-06-23,Thursday,1,990R4,Joan Hunter - Miracles - Kenya - Procrastination on Steroids (Joan Hunter Ministries) Radio,,2023/06/19 - 2023/06/23,9557
2023-06-19,2023-06-23,Friday,1,990R5,"Dr. Hansen addresses God, Government & Goodness political rally Marysville, WA 6/10/23",2023-06-10,2023/06/19 - 2023/06/23,9561
2023-06-19,2023-06-23,Friday,2,990SW,Joan Hunter - Joan's Breast Cancer - Worry & Fear - Miracles - Kenya - Procrastination on Steroids - Jenna Constable sings prophetically (Joan Hunter Ministries),,2023/06/19 - 2023/06/23,9562
2023-06-19,2023-06-23,Friday,filler,990Sun,"Rev. David Welch, President U.S. Pastor Council 989R5 / The Laws of Judgment Part 1 988R1 (OmegaManRadio with Shannon Davis 06/09/23)  1:05:27",,2023/06/19 - 2023/06/23,9563
2023-06-26,2023-06-30,Monday,1,991R1,Demons are Organized,,2023/06/26 - 2023/06/30,9566
2023-06-26,2023-06-30,Tuesday,1,991R2,Can Christians Have Demons?,,2023/06/26 - 2023/06/30,9570
2023-06-26,2023-06-30,Wednesday,1,991R3,"Knesset Christian Allies Caucus, MK Yuli Edelstein, etc.",,2023/06/26 - 2023/06/30,9574
2023-06-26,2023-06-30,Thursday,1,991R4,"Israeli Parliament, MK Dan Ilouz, etc.",,2023/06/26 - 2023/06/30,9578
2023-06-26,2023-06-30,Friday,1,991R5,"Israeli Parliament, MK Tatiana Mazarsky, etc.",,2023/06/26 - 2023/06/30,9582
2023-06-26,2023-06-30,Friday,2,991SW,Joan Hunter - Joan's Breast Cancer - Worry & Fear (Joan Hunter Ministries) TV 990R3 / The Laws of Judgment Part 2 989R1 (OmegaManRadio with Shannon Davis 06/16/23),,2023/06/26 - 2023/06/30,9583
2023-06-26,2023-06-30,Friday,filler,991Sun,"Knesset Christian Allies Caucus, May 2, 2023  1:15:12",,2023/06/26 - 2023/06/30,9584
2023-07-03,2023-07-07,Monday,1,992R1,"Israeli Parliament, MK Sharren Haskel, etc.",,2023/07/03 - 2023/07/07,9587
2023-07-03,2023-07-07,Tuesday,1,992R2,Georgene Faries - WA State Ref. 5599 Part 2 (Snohomish County State Republican Committee Woman),,2023/07/03 - 2023/07/07,9591
2023-07-03,2023-07-07,Wednesday,1,992R3,The Etiology of Demons in People,,2023/07/03 - 2023/07/07,9595
2023-07-03,2023-07-07,Thursday,1,992R4,"Mediums, Charms, Fortune Telling",,2023/07/03 - 2023/07/07,9599
2023-07-03,2023-07-07,Friday,1,992R5,Scott Farah - Banker - Business Opportunities,,2023/07/03 - 2023/07/07,9603
2023-07-03,2023-07-07,Friday,2,992SW,Pastor Joe Kirkwood - Miracles - Eye Ball Created 992R3 / Can Christians Have Demons? 991R2 (OmegaManRadio with Shannon Davis 06/23/23),,2023/07/03 - 2023/07/07,9604
2023-07-03,2023-07-07,Friday,filler,992Sun,"Pastor Daniel Ong - Arise, Shine     SS 2005-08-27",,2023/07/03 - 2023/07/07,9605
2023-07-10,2023-07-14,Monday,1,993R1,Leviathan & Marine Spirits,,2023/07/10 - 2023/07/14,9608
2023-07-10,2023-07-14,Tuesday,1,993R2,Marine Spirits - The Movie Avatar - Hinduism,,2023/07/10 - 2023/07/14,9612
2023-07-10,2023-07-14,Wednesday,1,993R3,"Anna Kane, Co-Founder, CEO & Nicole Orozco, Co-Founder, CSO, The Flame Newspaper - Flame Newspaper       (Spreading Truth Like Wildfire! *Print Newspapers *Podcasts *Media)  (theflameusa.com - info@theflameusa.com)  Radio",,2023/07/10 - 2023/07/14,9616
2023-07-10,2023-07-14,Thursday,1,993R4,"Anna Kane, Co-Founder, CEO & Nicole Orozco, Co-Founder, CSO, The Flame Newspaper – Flame Newspaper and Censorship      (Spreading Truth Like Wildfire! *Print Newspapers *Podcasts *Media)  (theflameusa.com - info@theflameusa.com)  TV",,2023/07/10 - 2023/07/14,9620
2023-07-10,2023-07-14,Friday,1,993R5,Sidney Hemmingmoore - Prophecy USA - Sweden  2023-06-28  (Scott Farah ad & Gebauer Outro),,2023/07/10 - 2023/07/14,9624
2023-07-10,2023-07-14,Friday,2,993SW,Joan Hunter - Miracles - Kenya - Procrastination on Steroids (Joan Hunter Ministries) Radio 990R4 / The Etiology of Demons in People 992R3 (OmegaManRadio with Shannon Davis 06/30/23),,2023/07/10 - 2023/07/14,9625
2023-07-10,2023-07-14,Friday,filler,993Sun,"Dr. EJ Buckardt - Hope, Faith, Victory; Vision, Valleys, Victory  (46:15) SS 2004-10-02",,2023/07/10 - 2023/07/14,9626
2023-07-17,2023-07-21,Monday,1,994R1,Sidney Hemmingmoore - The Dechristianization of Sweden and Finland,,2023/07/17 - 2023/07/21,9629
2023-07-17,2023-07-21,Tuesday,1,994R2,Apostolic Leader Eric Hurd - N.W.O. & Weapons targeting brain function - Neurological Damage,,2023/07/17 - 2023/07/21,9633
2023-07-17,2023-07-21,Wednesday,1,994R3,Apostolic Leader Eric Hurd - Great Awakening & Nations against the COVID Vaccination,,2023/07/17 - 2023/07/21,9637
2023-07-17,2023-07-21,Thursday,1,994R4,Vitaliy Musiyenko - Needs of Ukraine & War Victims,,2023/07/17 - 2023/07/21,9641
2023-07-17,2023-07-21,Friday,1,994R5,Apostolic Leader Dennis Moore - Cultural Wars - The Dream 6/8/23,2023-06-08,2023/07/17 - 2023/07/21,9645
2023-07-17,2023-07-21,Friday,2,994SW,"Anna Kane, Co-Founder, CEO & Nicole Orozco, Co-Founder, CSO, The Flame Newspaper – Flame Newspaper and Censorship  993R4 / Sidney Hemmingmoore - Prophecy USA – Sweden  993R5 (OmegaManRadio with Shannon Davis 07/07/23)",,2023/07/17 - 2023/07/21,9646
2023-07-17,2023-07-21,Friday,filler,994Sun,"Missionary Peter Turko - I never came here to judge you, but I came here to save you  (1:03:15)",,2023/07/17 - 2023/07/21,9647
2023-07-24,2023-07-28,Monday,1,995R1,Sidney Hemmingmoore - Europe & the Prophecy for Germany,,2023/07/24 - 2023/07/28,9650
2023-07-24,2023-07-28,Tuesday,1,995R2,Pastor Joe Kirkwood - Miracles - Eye Ball Created,,2023/07/24 - 2023/07/28,9654
2023-07-24,2023-07-28,Wednesday,1,995R3,Apostolic Leader Eric Hurd - Pedophile Disney Employee Raped Babies,,2023/07/24 - 2023/07/28,9658
2023-07-24,2023-07-28,Thursday,1,995R4,"Ray Gebauer, Unlicensed Holistic Health Doctor - Getting Off the Freeway of Slow Suicide Part 4",,2023/07/24 - 2023/07/28,9662
2023-07-24,2023-07-28,Friday,1,995R5,Sidney Hemmingmoore - The Prophecy for Finland & its Fulfillment,,2023/07/24 - 2023/07/28,9666
2023-07-24,2023-07-28,Friday,2,995SW,"Anna Kane, Co-Founder, CEO & Nicole Orozco, Co-Founder, CSO, The Flame Newspaper - Flame Newspaper  Radio  993R3 / Scott Farah - Banker - Business Opportunities  992R5 (OmegaManRadio with Shannon Davis 07/14/23)",,2023/07/24 - 2023/07/28,9667
2023-07-24,2023-07-28,Friday,filler,995Sun,"Guarding the Sheep - for Apostle Reuben Esh, Beacon of Truth Ministries, Garnett, KS 7/16/23  59:05",,2023/07/24 - 2023/07/28,9668
2023-07-31,2023-08-04,Monday,1,996S1,Dr. EJ Buckardt - Unity,,2023/07/31 - 2023/08/04,9671
2023-07-31,2023-08-04,Tuesday,1,996R2,"Dr. EJ Buckardt - If, Then",,2023/07/31 - 2023/08/04,9675
2023-07-31,2023-08-04,Wednesday,1,996R3,"Bishop Tobias Nyamwaya, Bishop with International Pentecostal Holiness - The Generals Who Forgot Their Mission and Vision",,2023/07/31 - 2023/08/04,9679
2023-07-31,2023-08-04,Thursday,1,996R4,"Molech Ruling America - for Apostle Reuben Esh, Beacon of Truth Ministries, Garnett, KS 7/16/23 Part 1",,2023/07/31 - 2023/08/04,9683
2023-07-31,2023-08-04,Friday,1,996R5,"Molech Ruling America - for Apostle Reuben Esh, Beacon of Truth Ministries, Garnett, KS 7/16/23 Part 2",,2023/07/31 - 2023/08/04,9687
2023-07-31,2023-08-04,Friday,2,996SW,Apostolic Leader Eric Hurd - N.W.O. & Weapons targeting brain function - Neurological Damage 994R2 / Apostolic Leader Dennis Moore - Cultural Wars - The Dream 6/8/23 994R5 (OmegaManRadio with Shannon Davis 07/21/23),,2023/07/31 - 2023/08/04,9688
2023-07-31,2023-08-04,Friday,filler,996Sun,"Faith Destroyers, Peace in the Storm, We Need Another Great Awakening - for Apostle Reuben Esh, Beacon of Truth Ministries, Garnett, KS 7/16/23",2023-07-16,2023/07/31 - 2023/08/04,9689
2023-08-07,2023-08-11,Monday,1,997R1,The Tree of Hope,,2023/08/07 - 2023/08/11,9692
2023-08-07,2023-08-11,Tuesday,1,997R2,"Bishop Tobias Nyamwaya, Bishop with International Pentecostal Holiness - The Church's Responsibility",,2023/08/07 - 2023/08/11,9696
2023-08-07,2023-08-11,Wednesday,1,997R3,"Bishop Tobias Nyamwaya, Bishop with International Pentecostal Holiness - The Church & Racism",,2023/08/07 - 2023/08/11,9700
2023-08-07,2023-08-11,Thursday,1,997R4,"Bishop Tobias Nyamwaya, Bishop with International Pentecostal Holiness - Kenya's Supreme Court - Homosexuality",,2023/08/07 - 2023/08/11,9704
2023-08-07,2023-08-11,Friday,1,997R5,"Bishop Tobias Nyamwaya, Bishop with International Pentecostal Holiness - The Tree of Hope",,2023/08/07 - 2023/08/11,9708
2023-08-07,2023-08-11,Friday,2,997SW,Demons 990R2 / Demons are Organized 991R1 (OmegaManRadio with Shannon Davis 07/28/23),,2023/08/07 - 2023/08/11,9709
2023-08-07,2023-08-11,Friday,filler,997Sun,"Molech Ruling America - for Apostle Reuben Esh, Beacon of Truth Ministries, Garnett, KS 7/16/23",2023-07-16,2023/08/07 - 2023/08/11,9710
2023-08-14,2023-08-18,Monday,1,998R1,"Father, Forgive Them",,2023/08/14 - 2023/08/18,9713
2023-08-14,2023-08-18,Tuesday,1,998R2,"Bishop Tobias Nyamwaya, Bishop with International Pentecostal Holiness - Forgetting Our Mission",,2023/08/14 - 2023/08/18,9717
2023-08-14,2023-08-18,Wednesday,1,998R3,"Bishop Tobias Nyamwaya, Bishop with International Pentecostal Holiness; Dr. EJ Buckardt, Dean of WMI School of Theology - Mercy, Grace & Love",,2023/08/14 - 2023/08/18,9721
2023-08-14,2023-08-18,Thursday,1,998R4,"Bishop Tobias Nyamwaya, Bishop with International Pentecostal Holiness; Dr. EJ Buckardt, Dean of WMI School of Theology - God is at War with Satan - Eagles Saving Nations",,2023/08/14 - 2023/08/18,9725
2023-08-14,2023-08-18,Friday,1,998R5,"Apostolic Leader Eric Hurd, The Sons of Issachar - Bishop Tobias Nyamwaya, Bishop with International Pentecostal Holiness - Father, Forgive Them - Authorities Killing Us",,2023/08/14 - 2023/08/18,9729
2023-08-14,2023-08-18,Friday,2,998SW,"Leviathan & Marine Spirits 993R1 / Roy Kendall sings - My Jesus, I Love Thee - Shout To The Lord / Marine Spirits - The Movie Avatar - Hinduism 993R2 (OmegaManRadio with Shannon Davis 08/04/23)",,2023/08/14 - 2023/08/18,9730
2023-08-14,2023-08-18,Friday,filler,998Sun,Pastor Ty Gulstrom - Greater Love,,2023/08/14 - 2023/08/18,9731
2023-08-21,2023-08-25,Monday,1,999R1,Altars,,2023/08/21 - 2023/08/25,9734
2023-08-21,2023-08-25,Tuesday,1,999R2,"Bishop Tobias Nyamwaya, Bishop with International Pentecostal Holiness - The Value and the Power of Anointing",,2023/08/21 - 2023/08/25,9738
2023-08-21,2023-08-25,Wednesday,1,999R3,"Bishop Tobias Nyamwaya, Bishop with International Pentecostal Holiness - 10-40 Window, Great Commission, True Apostles",,2023/08/21 - 2023/08/25,9742
2023-08-21,2023-08-25,Thursday,1,999R4,Kenyan Apostolic Leader Joe Mwaniki - Need for Revival - Holy Spirit,,2023/08/21 - 2023/08/25,9746
2023-08-21,2023-08-25,Friday,1,999R5,"Apostolic Leader Dennis Moore, Apostolic Leader Joe Mwaniki, Bishop Tobias Nyamwaya - Church Problems in Kenya/America",,2023/08/21 - 2023/08/25,9750
2023-08-21,2023-08-25,Friday,2,999SW,"Apostolic Leader Eric Hurd, The Sons of Issachar - Bishop Tobias Nyamwaya, Bishop with International Pentecostal Holiness - Father, Forgive Them - Authorities Killing Us 998R5 / Father, Forgive Them 998R1 (OmegaManRadio with Shannon Davis 08/11/23)",,2023/08/21 - 2023/08/25,9751
2023-08-21,2023-08-25,Friday,filler,999Sun,Pastor Ty Gulstrom - No Strings Attached - 01:29:05,,2023/08/21 - 2023/08/25,9752
2023-08-28,2023-09-01,Monday,1,1000R1,Apostle Dennis Moore - God is at War with Satan,,2023/08/28 - 2023/09/01,9755
2023-08-28,2023-09-01,Tuesday,1,1000R2,Rev. Marya Moore - Recovering Revival Fire,,2023/08/28 - 2023/09/01,9759
2023-08-28,2023-09-01,Wednesday,1,1000R3,Apostle Dennis Moore - Light the Candles...,,2023/08/28 - 2023/09/01,9763
2023-08-28,2023-09-01,Thursday,1,1000R4,"Bishop Tobias Nyamwaya, Bishop with International Pentecostal Holiness - Tattoos",,2023/08/28 - 2023/09/01,9767
2023-08-28,2023-09-01,Friday,1,1000R5,"Bishop Tobias Nyamwaya, Bishop with International Pentecostal Holiness - Altars & Demons",,2023/08/28 - 2023/09/01,9771
2023-08-28,2023-09-01,Friday,2,1000SW,"Bishop Tobias Nyamwaya, Bishop with International Pentecostal Holiness; Dr. EJ Buckardt, Dean of WMI School of Theology - God is at War with Satan - Eagles Saving Nations 998R4 / Roy Kendall sings ""My Jesus, I Love Thee"" & ""Shout to the Lord"" / The Tree of Hope 997R1",,2023/08/28 - 2023/09/01,9772
2023-08-28,2023-09-01,Friday,filler,1000Sun,Pastor Ty Gulstrom - Encountering God's Agape',,2023/08/28 - 2023/09/01,9773
2023-09-04,2023-09-08,Monday,1,1001R1,"Kenyan Bishop Geoffrey Njuguna - The Most Important Thing is to Pursue God's Purpose for Us  (Senior Pastor Deliverence Lang'ata Nairobi, Kenya) SS",,2023/09/04 - 2023/09/08,9776
2023-09-04,2023-09-08,Tuesday,1,1001R2,"Apostolic Leader Eric Hurd, The Sons of Issachar - Lahaina Maui - COVID Cancer Death",,2023/09/04 - 2023/09/08,9780
2023-09-04,2023-09-08,Wednesday,1,1001R3,"Kenyan Bishop Geoffrey Njuguna - The Moral Compass of a Nation  (Senior Pastor Deliverence Lang'ata Nairobi, Kenya) radio",,2023/09/04 - 2023/09/08,9784
2023-09-04,2023-09-08,Thursday,1,1001R4,"Kenyan Bishop Geoffrey Njuguna - Responsibility of the Church  (Senior Pastor Deliverence Lang'ata Nairobi, Kenya) radio",,2023/09/04 - 2023/09/08,9788
2023-09-04,2023-09-08,Friday,1,1001R5,"Bishop Tobias Nyamwaya, Bishop with International Pentecostal Holiness - Homosexuality",,2023/09/04 - 2023/09/08,9792
2023-09-04,2023-09-08,Friday,2,1001SW,"Apostolic Leader Dennis Moore, Apostolic Leader Joe Mwaniki, Bishop Tobias Nyamwaya - Church Problems in Kenya/America 999R5 / Altars 999R1 (OmegaManRadio with Shannon Davis 08/25/23)",,2023/09/04 - 2023/09/08,9793
2023-09-04,2023-09-08,Friday,filler,1001Sun,Pastor Ty Gulstrom - The Point of Transition  (1:10:45),,2023/09/04 - 2023/09/08,9794
2023-09-11,2023-09-15,Monday,1,1002R1,"Bishop Tobias Nyamwaya, Bishop with International Pentecostal Holiness - God's Tough Training    SS",,2023/09/11 - 2023/09/15,9797
2023-09-11,2023-09-15,Tuesday,1,1002R2,"Bishop Tobias Nyamwaya, Bishop with International Pentecostal Holiness - Earrings & Tattoos - Men   radio",,2023/09/11 - 2023/09/15,9801
2023-09-11,2023-09-15,Wednesday,1,1002R3,"Bishop Tobias Nyamwaya, Bishop with International Pentecostal Holiness - Re-education - False Doctrine",,2023/09/11 - 2023/09/15,9805
2023-09-11,2023-09-15,Thursday,1,1002R4,"Pastor Leo Bogee (World Christian Leadership Training Ministries, Oklahoma City. OK), Bishop Tobias Nyamwaya, Bishop with International Pentecostal Holiness - LaHanai Maui - Communist Takeover",,2023/09/11 - 2023/09/15,9809
2023-09-11,2023-09-15,Friday,1,1002R5,"Apostolic Leader Eric Hurd (The Sons of Issachar), Bishop Tobias Nyamwaya (Bishop with International Pentecostal Holiness) - Maui - Obama - Moloch",,2023/09/11 - 2023/09/15,9813
2023-09-11,2023-09-15,Friday,2,1002SW,"Bishop Tobias Nyamwaya, Bishop with International Pentecostal Holiness - Tattoos 1000R4 / Bishop Tobias Nyamwaya, Bishop with International Pentecostal Holiness - Altars & Demons 1000R5 (OmegaManRadio with Shannon Davis 09/01/23)",,2023/09/11 - 2023/09/15,9814
2023-09-11,2023-09-15,Friday,filler,1002Sun,Pastor Ty Gulstrom -  Coming to Your Crisis - The Sin of Ham vs. The Love of Shem & Japheth,,2023/09/11 - 2023/09/15,9815
2023-09-18,2023-09-22,Monday,1,1003R1,The Law of the Spirit,,2023/09/18 - 2023/09/22,9818
2023-09-18,2023-09-22,Tuesday,1,1003R2,"Bishop Tobias Nyamwaya, Bishop with International Pentecostal Holiness - Return to The Father  SS",,2023/09/18 - 2023/09/22,9822
2023-09-18,2023-09-22,Wednesday,1,1003R3,"Bishop Tobias Nyamwaya, Bishop with International Pentecostal Holiness - Prophecy to Kenya & Eagles Saving Nations  radio",,2023/09/18 - 2023/09/22,9826
2023-09-18,2023-09-22,Thursday,1,1003R4,"Bishop Tobias Nyamwaya, Bishop with International Pentecostal Holiness - Dorcas Fund - Widows & Orphans - Kenya   radio",,2023/09/18 - 2023/09/22,9830
2023-09-18,2023-09-22,Friday,1,1003R5,Apostolic Leader Dennis Moore - Spirit of Deceit in the Nations,,2023/09/18 - 2023/09/22,9834
2023-09-18,2023-09-22,Friday,2,1003SW,"Pastor Leo Bogee (World Christian Leadership Training Ministries, Oklahoma City. OK), Bishop Tobias Nyamwaya, Bishop with International Pentecostal Holiness - LaHanai Maui - Communist Takeover 1002R4 / Apostolic Leader Eric Hurd (The Sons of Issachar), Bishop Tobias Nyamwaya (Bishop with International Pentecostal Holiness) - Maui - Obama - Moloch  1002R5 (OmegaManRadio with Shannon Davis 09/08/23)",,2023/09/18 - 2023/09/22,9835
2023-09-18,2023-09-22,Friday,filler,1003Sun,Rev. E.J. Buckardt - God Tests and Satan Attempts to Destroy  1:02:20  Dr. Hansen is away because his brother Jim was in critical condition,,2023/09/18 - 2023/09/22,9836
2023-09-25,2023-09-29,Monday,1,1004R1,Apostolic Leader Dennis Moore - Lawlessness - Are You Ready?,,2023/09/25 - 2023/09/29,9839
2023-09-25,2023-09-29,Tuesday,1,1004R2,Rev. Marya Moore - Restorative Fire in Ruth   SS,,2023/09/25 - 2023/09/29,9843
2023-09-25,2023-09-29,Wednesday,1,1004R3,Apostolic Leader Dennis Moore - Covenant Love   SS,,2023/09/25 - 2023/09/29,9847
2023-09-25,2023-09-29,Thursday,1,1004R4,Apostolic Leader Dennis Moore - Decline of the American Culture (OmegaManRadio with Shannon Davis 09/15/23) Part 1,,2023/09/25 - 2023/09/29,9851
2023-09-25,2023-09-29,Friday,1,1004R5,Apostolic Leader Dennis Moore - Decline of the American Culture (OmegaManRadio with Shannon Davis 09/15/23) Part 2,,2023/09/25 - 2023/09/29,9855
2023-09-25,2023-09-29,Friday,2,1004SW,Apostolic Leader Dennis Moore - Decline of the American Culture (OmegaManRadio with Shannon Davis 09/15/23),,2023/09/25 - 2023/09/29,9856
2023-09-25,2023-09-29,Friday,filler,1004Sun,Pastor Ty Gulstrom - Standing Firm in The God of All Comfort,,2023/09/25 - 2023/09/29,9857
2023-10-02,2023-10-06,Monday,1,1005R1,Tattoos and the Pagan Nations,,2023/10/02 - 2023/10/06,9860
2023-10-02,2023-10-06,Tuesday,1,1005R2,Apostolic Leader Eric Hurd - Abortionists & Lesbian Pastors & Priests,,2023/10/02 - 2023/10/06,9864
2023-10-02,2023-10-06,Wednesday,1,1005R3,"Rev. Dr. EJ Buckardt, Vance Miller - Homosexual Pastors and Churches",,2023/10/02 - 2023/10/06,9868
2023-10-02,2023-10-06,Thursday,1,1005R4,"Ray Gebauer, Unlicensed Holistic Health Doctor - Better Health through Better Connecting",,2023/10/02 - 2023/10/06,9872
2023-10-02,2023-10-06,Friday,1,1005R5,Rev. Dr. EJ Buckardt - Pastors Lead the Cause for Freedom,,2023/10/02 - 2023/10/06,9876
2023-10-02,2023-10-06,Friday,2,1005SW,"Bishop Tobias Nyamwaya, Bishop with International Pentecostal Holiness - Earrings & Tattoos - Men 1002R2 / Apostolic Leader Dennis Moore - Spirit of Deceit in the Nations 1003R5 (OmegaManRadio with Shannon Davis 09/22/23)",,2023/10/02 - 2023/10/06,9877
2023-10-02,2023-10-06,Friday,filler,1005Sun,"Apostolic Leader Eric Hurd - Abortionists & Lesbian Pastors & Priests 1005R2 / Rev. Dr. EJ Buckardt, Vance Miller - Homosexual Pastors and Churches 1005R3 (OmegaManRadio with Shannon Davis 09/29/23) 1:11:05",,2023/10/02 - 2023/10/06,9878
2023-10-09,2023-10-13,Monday,1,1006R1,Trumpets,,2023/10/09 - 2023/10/13,9881
2023-10-09,2023-10-13,Tuesday,1,1006R2,"Shannon Davis, OmegaManRadio from Bali, Indonesia - Trumpets",,2023/10/09 - 2023/10/13,9885
2023-10-09,2023-10-13,Wednesday,1,1006R3,"Shannon Davis, OmegaManRadio from Bali, Indonesia - Trumpets 2",,2023/10/09 - 2023/10/13,9889
2023-10-09,2023-10-13,Thursday,1,1006R4,"George Carneal - ""From Queer to Christ"" (GeorgeCarneal.com)",,2023/10/09 - 2023/10/13,9893
2023-10-09,2023-10-13,Friday,1,1006R5,"Apostle Don Beasley, Turning Point Citi Church - America's Pastoral Decline",,2023/10/09 - 2023/10/13,9897
2023-10-09,2023-10-13,Friday,2,1006SW,"George Carneal - ""From Queer to Christ"" 1006R4 / Trumpets  1006R1",,2023/10/09 - 2023/10/13,9898
2023-10-09,2023-10-13,Friday,filler,1006Sun,Pastor Ty Gulstrom - The Secret Of Contentment  1:14:50,,2023/10/09 - 2023/10/13,9899
2023-10-16,2023-10-20,Monday,1,1007R1,Atonement,,2023/10/16 - 2023/10/20,9902
2023-10-16,2023-10-20,Tuesday,1,1007R2,Apostolic Leader Eric Hurd - Tyranny in the U.S.A.,,2023/10/16 - 2023/10/20,9906
2023-10-16,2023-10-20,Wednesday,1,1007R3,"Shannon Davis, OmegaManRadio from Bali, Indonesia - War in Israel 2023",,2023/10/16 - 2023/10/20,9910
2023-10-16,2023-10-20,Thursday,1,1007R4,Rev. Dr. EJ Buckardt - Israel at War 2023,,2023/10/16 - 2023/10/20,9914
2023-10-16,2023-10-20,Friday,1,1007R5,"Rev. Dr. EJ Buckardt, Vance Miller - Hamas War",,2023/10/16 - 2023/10/20,9918
2023-10-16,2023-10-20,Friday,2,1007SW,"Shannon Davis, OmegaManRadio from Bali, Indonesia - War in Israel 2023 1007R3 / Rev. Dr. EJ Buckardt - Israel at War 2023 1007R4",,2023/10/16 - 2023/10/20,9919
2023-10-16,2023-10-20,Friday,filler,1007Sun,"George Carneal - ""From Queer to Christ"" 1006R4 / Rev. Dr. EJ Buckardt - Pastors Lead the Cause for Freedom  1005R5 (OmegaManRadio with Shannon Davis 10/06/23)  1:13:45",,2023/10/16 - 2023/10/20,9920
2023-10-23,2023-10-27,Monday,1,1008R1,Tabernacles,,2023/10/23 - 2023/10/27,9923
2023-10-23,2023-10-27,Tuesday,1,1008R2,Fred Christian - Loss of Spouse - Grief,,2023/10/23 - 2023/10/27,9927
2023-10-23,2023-10-27,Wednesday,1,1008R3,"Shannon Davis, OmegaManRadio from Bali, Indonesia - NYC Muslim teacher supports Hamas & Rep. Ilhan Omar",,2023/10/23 - 2023/10/27,9931
2023-10-23,2023-10-27,Thursday,1,1008R4,"George Carneal - ""From Queer to Christ"" Part 2  (GeorgeCarneal.com)",,2023/10/23 - 2023/10/27,9935
2023-10-23,2023-10-27,Friday,1,1008R5,Rev. Dr. EJ Buckardt - Hamas - COVID - Mohammed & War,,2023/10/23 - 2023/10/27,9939
2023-10-23,2023-10-27,Friday,2,1008SW,"Rev. Dr. EJ Buckardt, Vance Miller - Hamas War 1007R1 / Atonement 1007R1 (OmegaManRadio with Shannon Davis 10/13/23)  (Photoshop Pic)",,2023/10/23 - 2023/10/27,9940
2023-10-23,2023-10-27,Friday,filler,1008Sun,Pastor Ty Gulstrom - The Debt Of Love   55:18,,2023/10/23 - 2023/10/27,9941
2023-10-30,2023-11-03,Monday,1,1009R1,Apostolic Leader Eric Hurd - Halloween - Witch's #1 Holiday,,2023/10/30 - 2023/11/03,9944
2023-10-30,2023-11-03,Tuesday,1,1009R2,Trust,,2023/10/30 - 2023/11/03,9948
2023-10-30,2023-11-03,Wednesday,1,1009R3,"Sharon Dodge - Testimony of being in Jerusalem when Hamas war broke out October 7, 2023",,2023/10/30 - 2023/11/03,9952
2023-10-30,2023-11-03,Thursday,1,1009R4,"Shannon Davis, OmegaManRadio from Bali, Indonesia - Allah is not the Christian God  (Photoshop Pic)",,2023/10/30 - 2023/11/03,9956
2023-10-30,2023-11-03,Friday,1,1009R5,"Apostle Don Beasley, Turning Point Citi Church - American Hamas Demonstrations",,2023/10/30 - 2023/11/03,9960
2023-10-30,2023-11-03,Friday,2,1009SW,"George Carneal - ""From Queer to Christ"" Part 2 1008R4 / Rev. Dr. EJ Buckardt - Hamas - COVID - Mohammed & War 1008R5 (OmegaManRadio with Shannon Davis 10/20/23)  (Photoshop Pic)",,2023/10/30 - 2023/11/03,9961
2023-10-30,2023-11-03,Friday,filler,1009Sun,"Pastor Ty Gulstrom, Dr. Hansen - Defilement and the Consequences  1:05:35",,2023/10/30 - 2023/11/03,9962
2023-11-06,2023-11-10,Monday,1,1010R1,It's Time to Fully Trust the Lord,,2023/11/06 - 2023/11/10,9965
2023-11-06,2023-11-10,Tuesday,1,1010R2,Apostolic Leader Eric Hurd - Halloween Day 2,,2023/11/06 - 2023/11/10,9969
2023-11-06,2023-11-10,Wednesday,1,1010R3,Roy Kendall - Jerusalem - War,,2023/11/06 - 2023/11/10,9973
2023-11-06,2023-11-10,Thursday,1,1010R4,"Nathan Gaub - Asst. Pastor Praise Chapel, Bullhead City, AZ",,2023/11/06 - 2023/11/10,9977
2023-11-06,2023-11-10,Friday,1,1010R5,Roy Kendall - Hamas Propaganda,,2023/11/06 - 2023/11/10,9981
2023-11-06,2023-11-10,Friday,2,1010SW,Apostolic Leader Eric Hurd - Halloween - Witch's #1 Holiday 1009R1 / Trust 1009R2 (OmegaManRadio with Shannon Davis 10/27/23)  (Photoshop Pic),,2023/11/06 - 2023/11/10,9982
2023-11-06,2023-11-10,Friday,filler,1010Sun,Dr. Hansen - Legal Rights in Psalm 133 / Pastor Ty Gulstrom - Freedom In Praise,,2023/11/06 - 2023/11/10,9983
2023-11-13,2023-11-17,Monday,1,1011R1,"Pastor Mike Unverzagt, The House NW, Vancouver, WA - South Africa Miracles  (Dated Event 11/19/23 speaking at church)",,2023/11/13 - 2023/11/17,9986
2023-11-13,2023-11-17,Tuesday,1,1011R2,Apostolic Leader Eric Hurd - Islam - Current Events - Russia/China,,2023/11/13 - 2023/11/17,9990
2023-11-13,2023-11-17,Wednesday,1,1011R3,Pastor Ronald Dimaline - U.S. Congress - Hamas (Founder of New Mount Zion Ministries),,2023/11/13 - 2023/11/17,9994
2023-11-13,2023-11-17,Thursday,1,1011R4,Fred Christian - Wife Died - New Ministry,,2023/11/13 - 2023/11/17,9998
2023-11-13,2023-11-17,Friday,1,1011R5,Captain Milton Alvarez - Former Mafia - Japan,,2023/11/13 - 2023/11/17,10002
2023-11-13,2023-11-17,Friday,2,1011SW,"Evangelist Paulette Williams - The Goodness of God, God is so Good",,2023/11/13 - 2023/11/17,10003
2023-11-13,2023-11-17,Friday,filler,1011Sun,"Pastor Ty Gulstrom - Biblical Evangelism, Using the Law of the Lord  46:47",,2023/11/13 - 2023/11/17,10004
2023-11-20,2023-11-24,Monday,1,1012R1,"Evangelist Paulette Williams - The Goodness of God, God is so Good Part 1    11/04/2023",2023-11-04,2023/11/20 - 2023/11/24,10007
2023-11-20,2023-11-24,Tuesday,1,1012R2,"Evangelist Paulette Williams - The Goodness of God, God is so Good Part 2    11/04/2023",2023-11-04,2023/11/20 - 2023/11/24,10011
2023-11-20,2023-11-24,Wednesday,1,1012R3,Evangelist Paulette Williams - Be Strong in the Lord and in the Power of His Might Part 1    11/11/2023,2023-11-11,2023/11/20 - 2023/11/24,10015
2023-11-20,2023-11-24,Thursday,1,1012R4,Evangelist Paulette Williams - Be Strong in the Lord and in the Power of His Might Part 2    11/11/2023,2023-11-11,2023/11/20 - 2023/11/24,10019
2023-11-20,2023-11-24,Friday,1,1012R5,Evangelist Paulette Williams - Be Strong in the Lord and in the Power of His Might Part 3    11/11/2023,2023-11-11,2023/11/20 - 2023/11/24,10023
2023-11-20,2023-11-24,Friday,2,1012SW,Roy Kendall - Hamas Propaganda 1010R5 / Apostolic Leader Eric Hurd - Islam - Current Events - Russia/China 1011R2 (OmegaManRadio with Shannon Davis 11/10/23)  (Photoshop Pic),,2023/11/20 - 2023/11/24,10024
2023-11-20,2023-11-24,Friday,filler,1012Sun,Evangelist Paulette Williams - Be Strong in the Lord and in the Power of His Might,,2023/11/20 - 2023/11/24,10025
2023-11-27,2023-12-01,Monday,1,1013R1,The Real Palestinians,,2023/11/27 - 2023/12/01,10028
2023-11-27,2023-12-01,Tuesday,1,1013R2,"Mark Doolittle - ""2030 Apocalypse - Time is Running Out""  (Photoshop Pic)",,2023/11/27 - 2023/12/01,10032
2023-11-27,2023-12-01,Wednesday,1,1013R3,Apostolic Leader Eric Hurd - Hamas and the Vatican,,2023/11/27 - 2023/12/01,10036
2023-11-27,2023-12-01,Thursday,1,1013R4,"Rev. Dr. EJ Buckardt - Haggai - Comfort, Hope & Holiness Part 1",,2023/11/27 - 2023/12/01,10040
2023-11-27,2023-12-01,Friday,1,1013R5,"Rev. Dr. EJ Buckardt - Haggai - Comfort, Hope & Holiness Part 2",,2023/11/27 - 2023/12/01,10044
2023-11-27,2023-12-01,Friday,2,1013SW,"Fred Christian - Loss of Spouse - Grief 1008R2 / Apostle Don Beasley, Turning Point Citi Church - American Hamas Demonstrations 1009R5 (OmegaManRadio with Shannon Davis 11/17/23)  (Photoshop Pic)",,2023/11/27 - 2023/12/01,10045
2023-11-27,2023-12-01,Friday,filler,1013Sun,"Pastor Michael Hyodo - Sewing & Reaping, The Best Is Yet To Come - Roy Kendall: Hodu L'Adoni Ki Tov / Give Thanks With A Grateful Heart 04/01/2006  (Photoshop Pic)",,2023/11/27 - 2023/12/01,10046
2023-12-04,2023-12-08,Monday,1,1014R1,Rev. Dr. EJ Buckardt - Rebuild Israeli Lives  11/28/2023,2023-11-28,2023/12/04 - 2023/12/08,10049
2023-12-04,2023-12-08,Tuesday,1,1014R2,"Tracy Abuhl, Pres. Camano Is. Rep. Women's Club - letsgowa.com - Initiatives  11/27/2023",2023-11-27,2023/12/04 - 2023/12/08,10053
2023-12-04,2023-12-08,Wednesday,1,1014R3,"Incredible Love, Impossible Love, The Most Excellent Way  11/25/2023",2023-11-25,2023/12/04 - 2023/12/08,10057
2023-12-04,2023-12-08,Thursday,1,1014R4,"Dr. Willibroad Ticha, President Gospel Heroes World Missions - Government Persecution - Church Failure  11/28/2023",2023-11-28,2023/12/04 - 2023/12/08,10061
2023-12-04,2023-12-08,Friday,1,1014R5,Rev. Dr. EJ Buckardt - People with Animal Minds and the Worst is Yet to Come  11/30/2023,2023-11-30,2023/12/04 - 2023/12/08,10065
2023-12-04,2023-12-08,Friday,2,1014SW,Roy Kendall - Jerusalem - War 1010R3 / Pastor Ronald Dimaline - U.S. Congress - Hamas (Founder of New Mount Zion Ministries) 1011R3 / The Real Palestinians 1013R1  (Photoshop Pic),,2023/12/04 - 2023/12/08,10066
2023-12-04,2023-12-08,Friday,filler,1014Sun,"Rev. Dr. EJ Buckardt - Haggai - Comfort, Hope & Holiness  (48:25)",,2023/12/04 - 2023/12/08,10067
2023-12-11,2023-12-15,Monday,1,1015R1,"Rev. Dr. EJ Buckardt - People with Animal Minds and the Worst is Yet to Come, continuation  12/01/2023",2023-12-01,2023/12/11 - 2023/12/15,10070
2023-12-11,2023-12-15,Tuesday,1,1015R2,Apostolic Leader Eric Hurd - Men Becoming Animals - Hamas  11/30/2023,2023-11-30,2023/12/11 - 2023/12/15,10074
2023-12-11,2023-12-15,Wednesday,1,1015R3,Fred Christian - Time to Fight Back - Eagles Saving Nations  12/01/2023,2023-12-01,2023/12/11 - 2023/12/15,10078
2023-12-11,2023-12-15,Thursday,1,1015R4,Fred Christian & Vance Miller - Men & Governments Becoming Animals  12/01/2023,2023-12-01,2023/12/11 - 2023/12/15,10082
2023-12-11,2023-12-15,Friday,1,1015R5,"Apostolic Leader Eric Hurd - Man Becoming an Animal, The Vatican  12/01/2023",2023-12-01,2023/12/11 - 2023/12/15,10086
2023-12-11,2023-12-15,Friday,2,1015SW,The Real Palestinians 1016R1 / People with Animal Minds and the Worst is Yet to Come 1016R2  (Photoshop Pic),,2023/12/11 - 2023/12/15,10087
2023-12-11,2023-12-15,Friday,filler,1015Sun,"Rev. EJ Buckardt - Why The Message of Warning, How To Remain Faithful  (Photoshop Pic)",,2023/12/11 - 2023/12/15,10088
2023-12-18,2023-12-22,Monday,1,1016R1,The Real Palestinians  12/01/2023,2023-12-01,2023/12/18 - 2023/12/22,10091
2023-12-18,2023-12-22,Tuesday,1,1016R2,People with Animal Minds and the Worst is Yet to Come  12/02/2023,2023-12-02,2023/12/18 - 2023/12/22,10095
2023-12-18,2023-12-22,Wednesday,1,1016R3,Dr. Bill Henderson - Power Team - Died Twice  12/04/2023  (Photoshop Pic),,2023/12/18 - 2023/12/22,10099
2023-12-18,2023-12-22,Thursday,1,1016R4,Rev. Dr. EJ Buckardt  & Fred Christian - Lives Destroyed in Israel  12/04/2023,2023-12-04,2023/12/18 - 2023/12/22,10103
2023-12-18,2023-12-22,Friday,1,1016R5,Sidney Hemmingmoore - Terminal Illness - Spirit of Death  12/05/2023,2023-12-05,2023/12/18 - 2023/12/22,10107
2023-12-18,2023-12-22,Friday,2,1016SW,Sidney Hemmingmoore - Sweden's Muslim Revolution 1017R1 / Sidney Hemmingmoore - Hamas/Gaza Destroyed 1017R2  (Photoshop Pic),,2023/12/18 - 2023/12/22,10108
2023-12-18,2023-12-22,Friday,filler,1016Sun,Pastor Ty Gulstrom - It is for the Sake of Freedom that Christ has Set Us Free  (52:55),,2023/12/18 - 2023/12/22,10109
2023-12-25,2023-12-29,Monday,1,1017R1,Sidney Hemmingmoore - Sweden's Muslim Revolution  12/05/2023,2023-12-05,2023/12/25 - 2023/12/29,10112
2023-12-25,2023-12-29,Tuesday,1,1017R2,Sidney Hemmingmoore - Hamas/Gaza Destroyed  12/06/2023,2023-12-06,2023/12/25 - 2023/12/29,10116
2023-12-25,2023-12-29,Wednesday,1,1017R3,Sidney Hemmingmoore - North Korea  12/06/2023,2023-12-06,2023/12/25 - 2023/12/29,10120
2023-12-25,2023-12-29,Thursday,1,1017R4,Bishop Rick Callahan - The Responsibility of the Church  12/06/2023,2023-12-06,2023/12/25 - 2023/12/29,10124
2023-12-25,2023-12-29,Friday,1,1017R5,Rev. Dr. EJ Buckardt - Jesus' Call to the Disciples  12/09/2023,2023-12-09,2023/12/25 - 2023/12/29,10128
2023-12-25,2023-12-29,Friday,2,1017SW,"Dr. Bill Henderson - Power Team - Died Twice 1016R3 / Talitha Hansen-Ernst sings ""Word of God Speak"" / Sidney Hemmingmoore - Terminal Illness - Spirit of Death 1016R5  (Photoshop Pic)",,2023/12/25 - 2023/12/29,10129
2023-12-25,2023-12-29,Friday,filler,1017Sun,Dr. Mike Hyodo - It's important to be Spirit led in ministry with a right heart (1:10:55) 07/21/2007  (Photoshop Pic),,2023/12/25 - 2023/12/29,10130
2024-01-01,2024-01-05,Monday,1,1018R1,The Plumb Line  12/23/2023,2023-12-23,2024/01/01 - 2024/01/05,10133
2024-01-01,2024-01-05,Tuesday,1,1018R2,"Rev. Dr. EJ Buckardt - The Scripture in Hymns, Do You Trust and Obey?  12/16/2023",2023-12-16,2024/01/01 - 2024/01/05,10137
2024-01-01,2024-01-05,Wednesday,1,1018R3,The Real Palestinians  12/01/2023  1016R1,,2024/01/01 - 2024/01/05,10141
2024-01-01,2024-01-05,Thursday,1,1018R4,People with Animal Minds and the Worst is Yet to Come  12/02/2023  1016R2,,2024/01/01 - 2024/01/05,10145
2024-01-01,2024-01-05,Friday,1,1018R5,The Plumb Line  12/23/2023,2023-12-23,2024/01/01 - 2024/01/05,10149
2024-01-01,2024-01-05,Friday,2,1018SW,"Rev. Dr. EJ Buckardt - People with Animal Minds and the Worst is Yet to Come 1014R5 / Rev. Dr. EJ Buckardt - People with Animal Minds and the Worst is Yet to Come, continuation  1015R1",,2024/01/01 - 2024/01/05,10150
2024-01-01,2024-01-05,Friday,filler,1018Sun,"Dr. EJ Buckardt - David Wilkerson's newsletter ""These Times Demand Special Trust"" (53:00) 2008-02-02",,2024/01/01 - 2024/01/05,10151
2024-01-08,2024-01-12,Monday,1,1019R1,Come Boldly into His Presence  12/29/2023,2023-12-29,2024/01/08 - 2024/01/12,10154
2024-01-08,2024-01-12,Tuesday,1,1019R2,Rev. Debbie Morris - Jesus is Coming Soon Part 1  12/30/2023,2023-12-30,2024/01/08 - 2024/01/12,10158
2024-01-08,2024-01-12,Wednesday,1,1019R3,Rev. Debbie Morris - Jesus is Coming Soon Part 2  12/30/2023,2023-12-30,2024/01/08 - 2024/01/12,10162
2024-01-08,2024-01-12,Thursday,1,1019R4,Dr. Steven Lambert - Died Six Times  01/04/2024,2024-01-04,2024/01/08 - 2024/01/12,10166
2024-01-08,2024-01-12,Friday,1,1019R5,Rev. Dr. EJ Buckardt - Truth & Lies about the Israel-Hamas War  01/04/2024,2024-01-04,2024/01/08 - 2024/01/12,10170
2024-01-08,2024-01-12,Friday,2,1019SW,Rev. Debbie Morris - Jesus is Coming Soon  12/30/2023,2023-12-30,2024/01/08 - 2024/01/12,10171
2024-01-08,2024-01-12,Friday,filler,1019Sun,"Real Palestinians - People with Animal Minds & the Worst is Yet to Come - Paradise Chapel, Waianae, HI 12/17/23, with Chaplain Ronaldo Pascua",,2024/01/08 - 2024/01/12,10172
2024-01-15,2024-01-19,Monday,1,1020R1,Evangelist Paulette Williams - Atmosphere for Change Part 1  01/06/2024,2024-01-06,2024/01/15 - 2024/01/19,10175
2024-01-15,2024-01-19,Tuesday,1,1020R2,Evangelist Paulette Williams - Atmosphere for Change Part 2  01/06/2024,2024-01-06,2024/01/15 - 2024/01/19,10179
2024-01-15,2024-01-19,Wednesday,1,1020R3,"Real Palestinians - People with Animal Minds & the Worst is Yet to Come - Paradise Chapel, Waianae, HI 12/17/23, with Chaplain Ronaldo Pascua Part 1",,2024/01/15 - 2024/01/19,10183
2024-01-15,2024-01-19,Thursday,1,1020R4,"Real Palestinians - People with Animal Minds & the Worst is Yet to Come - Paradise Chapel, Waianae, HI 12/17/23, with Chaplain Ronaldo Pascua Part 2",,2024/01/15 - 2024/01/19,10187
2024-01-15,2024-01-19,Friday,1,1020R5,Steven Lambert - Saving Faith  01/10/2024,2024-01-10,2024/01/15 - 2024/01/19,10191
2024-01-15,2024-01-19,Friday,2,1020SW,Evangelist Paulette Williams - Atmosphere for Change,,2024/01/15 - 2024/01/19,10192
2024-01-15,2024-01-19,Friday,filler,1020Sun,"Dr. EJ Buckardt - Trusting in God, Good Times & Bad - Even in the Face of Impossibilities  56:50  02/16/2008",2008-02-16,2024/01/15 - 2024/01/19,10193
2024-01-22,2024-01-26,Monday,1,1021R1,Rev. Dr. EJ Buckardt - How do the Seven Churches of Revelation Compare to the Church Today? Part 1  01/13/2024,2024-01-13,2024/01/22 - 2024/01/26,10196
2024-01-22,2024-01-26,Tuesday,1,1021R2,"Rev. Dr. EJ Buckardt - Palestine, Beast, Israel Betrayed (OmegaManRadio with Shannon Davis 01/05/24) Part 1 of 3",,2024/01/22 - 2024/01/26,10200
2024-01-22,2024-01-26,Wednesday,1,1021R3,"Rev. Dr. EJ Buckardt - Palestine, Beast, Israel Betrayed (OmegaManRadio with Shannon Davis 01/05/24) Part 2 of 3",,2024/01/22 - 2024/01/26,10204
2024-01-22,2024-01-26,Thursday,1,1021R4,"Rev. Dr. EJ Buckardt - Palestine, Beast, Israel Betrayed (OmegaManRadio with Shannon Davis 01/05/24) Part 3 of 3",,2024/01/22 - 2024/01/26,10208
2024-01-22,2024-01-26,Friday,1,1021R5,Fred Christian - Public Schools are the Enemy  01/07/2024,2024-01-07,2024/01/22 - 2024/01/26,10212
2024-01-22,2024-01-26,Friday,2,1021SW,"Rev. Dr. EJ Buckardt - Palestine, Beast, Israel Betrayed (OmegaManRadio with Shannon Davis 01/05/24)",,2024/01/22 - 2024/01/26,10213
2024-01-22,2024-01-26,Friday,filler,1021Sun,Dr. EJ Buckardt - God Knows All  03/08/2008  1:04:38,,2024/01/22 - 2024/01/26,10214
2024-01-29,2024-02-02,Monday,1,1022R1,Rev. Dr. EJ Buckardt - How do the Seven Churches of Revelation Compare to the Church Today? Part 2  01/20/2024,2024-01-20,2024/01/29 - 2024/02/02,10217
2024-01-29,2024-02-02,Tuesday,1,1022R2,Pastor Nathan Gaub - Salvation - Food - Deliverance 01/10/2024,2024-01-10,2024/01/29 - 2024/02/02,10221
2024-01-29,2024-02-02,Wednesday,1,1022R3,"People with Animal Minds & the Worst is Yet to Come - Holy Hill of Zion - Thy Dwelling Place, with Pastor Annette L. Tapua, Waianae, HI, December 10, 2023 Part 1",,2024/01/29 - 2024/02/02,10225
2024-01-29,2024-02-02,Thursday,1,1022R4,"People with Animal Minds & the Worst is Yet to Come - Holy Hill of Zion - Thy Dwelling Place, with Pastor Annette L. Tapua, Waianae, HI, December 10, 2023 Part 2",,2024/01/29 - 2024/02/02,10229
2024-01-29,2024-02-02,Friday,1,1022R5,Apostolic Leader Eric Hurd - Communism - Pope - Vaccines  01/10/2024,2024-01-10,2024/01/29 - 2024/02/02,10233
2024-01-29,2024-02-02,Friday,2,1022SW,"People with Animal Minds & the Worst is Yet to Come - Holy Hill of Zion - Thy Dwelling Place, with Pastor Annette L. Tapua, Waianae, HI, December 10, 2023",,2024/01/29 - 2024/02/02,10234
2024-01-29,2024-02-02,Friday,filler,1022Sun,Dr. EJ Buckardt - Warning against the Pharisees in their hypocrisy  50:32  05/24/2008,2008-05-24,2024/01/29 - 2024/02/02,10235
2024-02-05,2024-02-09,Monday,1,1023R1,"Share the Love Centre, with Teacher John CW, Kenol, Kenya January 28, 2024 Part 1",,2024/02/05 - 2024/02/09,10238
2024-02-05,2024-02-09,Tuesday,1,1023R2,"Share the Love Centre, with Teacher John CW, Kenol, Kenya January 28, 2024 Part 2",,2024/02/05 - 2024/02/09,10242
2024-02-05,2024-02-09,Wednesday,1,1023R3,"Share the Love Centre, with Teacher John CW, Kenol, Kenya January 28, 2024 Part 3",,2024/02/05 - 2024/02/09,10246
2024-02-05,2024-02-09,Thursday,1,1023R4,"Share the Love Centre, with Teacher John CW, Kenol, Kenya January 28, 2024 Part 4",,2024/02/05 - 2024/02/09,10250
2024-02-05,2024-02-09,Friday,1,1023R5,"Share the Love Centre, with Teacher John CW, Kenol, Kenya January 28, 2024 Part 5",,2024/02/05 - 2024/02/09,10254
2024-02-05,2024-02-09,Friday,2,1023SW,"Share the Love Centre, with Teacher John CW, Kenol, Kenya January 28, 2024 (Shortwave) Part 1",,2024/02/05 - 2024/02/09,10255
2024-02-05,2024-02-09,Friday,filler,1023Sun,"Share the Love Centre, with Teacher John CW, Kenol, Kenya January 28, 2024 (Full Length 2:26:20:00)",,2024/02/05 - 2024/02/09,10256
2024-02-12,2024-02-16,Monday,1,1024R1,Rev. Dr. EJ Buckardt - How do the Seven Churches of Revelation Compare to the Church Today? Part 3  01/27/2024,2024-01-27,2024/02/12 - 2024/02/16,10259
2024-02-12,2024-02-16,Tuesday,1,1024R2,25 Prophetic Dreams  02/03/2024,2024-02-03,2024/02/12 - 2024/02/16,10263
2024-02-12,2024-02-16,Wednesday,1,1024R3,"Michael Lotem, Israel Ambassador to Kenya, at the Israel Embassy in Nairobi, Kenya 01/25/2024",2024-01-25,2024/02/12 - 2024/02/16,10267
2024-02-12,2024-02-16,Thursday,1,1024R4,"Orphans & Widows, Adalia's Dorcas Fund - Bumamu Village  01/20&24/2024",,2024/02/12 - 2024/02/16,10271
2024-02-12,2024-02-16,Friday,1,1024R5,"Deliverance Church Lang'ata by invitation of Bishop Geoffrey Njuguna, Nairobi, Kenya Jan. 24, 2024",,2024/02/12 - 2024/02/16,10275
2024-02-12,2024-02-16,Friday,2,1024SW,"Share the Love Centre, with Teacher John CW, Kenol, Kenya January 28, 2024 (Shortwave) Part 2",,2024/02/12 - 2024/02/16,10276
2024-02-12,2024-02-16,Friday,filler,1024Sun,Dr. EJ Buckardt - We are living in desperate times - The church in America Faces Tyranny  10/04/2008,2008-10-04,2024/02/12 - 2024/02/16,10277
2024-02-12,2024-02-16,Monday,1,1025R1,"Rev. Marya Moore - Recover, Restore - Open the Door of Promise (Vision International Support Ministries) 02/10/2024",2024-02-10,2024/02/12 - 2024/02/16,10280
2024-02-12,2024-02-16,Tuesday,1,1025R2,Apostolic Leader Dennis Moore - Lift Up the Gates (Vision International Support Ministries) 02/10/2024,2024-02-10,2024/02/12 - 2024/02/16,10284
2024-02-12,2024-02-16,Wednesday,1,1025R3,"Victors Chapel International with Bishop William Wachira, Karatina, Kenya, January, 14, 2024 Part 1",,2024/02/12 - 2024/02/16,10288
2024-02-12,2024-02-16,Thursday,1,1025R4,"Victors Chapel International with Bishop William Wachira, Karatina, Kenya, January, 14, 2024 Part 2",,2024/02/12 - 2024/02/16,10292
2024-02-12,2024-02-16,Friday,1,1024R5,"Victors Chapel International with Bishop William Wachira, Karatina, Kenya, January, 14, 2024 Part 3",,2024/02/12 - 2024/02/16,10296
2024-02-12,2024-02-16,Friday,2,1025SW,"Victors Chapel International with Bishop William Wachira, Karatina, Kenya, January, 14, 2024",,2024/02/12 - 2024/02/16,10297
2024-02-12,2024-02-16,Friday,filler,1025Sun,"Rev. Dr. Melvin Johnson, author of the book ""Overcoming Racism Through the Gospel"" - The Deluder Satan Law  01/10/2009  59:30",,2024/02/12 - 2024/02/16,10298
2024-02-26,2024-03-01,Monday,1,1026R1,Who Is The Holy Spirit?  02/17/2024,2024-02-17,2024/02/26 - 2024/03/01,10301
2024-02-26,2024-03-01,Tuesday,1,1026R2,The Real Palestinians  1016R1  12/01/2023,2023-12-01,2024/02/26 - 2024/03/01,10305
2024-02-26,2024-03-01,Wednesday,1,1026R3,People with Animal Minds and the Worst is Yet to Come  1016R2  12/02/2023,2023-12-02,2024/02/26 - 2024/03/01,10309
2024-02-26,2024-03-01,Thursday,1,1026R4,The Plumb Line  1018R1  12/23/2023,2023-12-23,2024/02/26 - 2024/03/01,10313
2024-02-26,2024-03-01,Friday,1,1026R5,25 Prophetic Dreams  1024R2  02/03/2024,2024-02-03,2024/02/26 - 2024/03/01,10317
2024-02-26,2024-03-01,Friday,2,1026SW,"Michael Lotem, Israel Ambassador to Kenya, at the Israel Embassy in Nairobi, Kenya 01/25/2024 1024R3 / 25 Prophetic Dreams 1024R2 (OmegaManRadio with Shannon Davis 02/16/24)",,2024/02/26 - 2024/03/01,10318
2024-02-26,2024-03-01,Friday,filler,1026Sun,Dr. E.J. Buckardt - The Value of Health Principals Recorded in Scripture  05/16/2009  53:20,,2024/02/26 - 2024/03/01,10319
2024-03-04,2024-03-08,Monday,1,1027R1,How to Defeat Our Destructive Emotions and Evil Thoughts  02/24/2024,2024-02-24,2024/03/04 - 2024/03/08,10322
2024-03-04,2024-03-08,Tuesday,1,1027R2,"Dr. Emmanuel Ziga, The Holy Ghost Conference 2/21/24 - Who Is The Holy Spirit? Part 1",,2024/03/04 - 2024/03/08,10326
2024-03-04,2024-03-08,Wednesday,1,1027R3,"Dr. Emmanuel Ziga, The Holy Ghost Conference 2/21/24 - Who Is The Holy Spirit? Part 2",,2024/03/04 - 2024/03/08,10330
2024-03-04,2024-03-08,Thursday,1,1027R4,"Dr. Emmanuel Ziga, The Holy Ghost Conference 2/21/24 - Who Is The Holy Spirit? Part 3",,2024/03/04 - 2024/03/08,10334
2024-03-04,2024-03-08,Friday,1,1027R5,"Dr. Emmanuel Ziga, The Holy Ghost Conference 2/22/24 - The Three Witnesses  (2024 HGC 1-Ziga.mov)",,2024/03/04 - 2024/03/08,10338
2024-03-04,2024-03-08,Friday,2,1027SW,The Plumb Line  1018R1 / Who Is The Holy Spirit?  1026R1 (OmegaManRadio with Shannon Davis 02/23/24),,2024/03/04 - 2024/03/08,10339
2024-03-04,2024-03-08,Friday,filler,1027Sun,"Dr. Emmanuel Ziga, The Holy Ghost Conference 2/23/24 PM Service - The Holy Spirit is the Spirit of Reality   (2024 HGC 2a-Ziga.mov) 01:26:30",,2024/03/04 - 2024/03/08,10340
2024-03-11,2024-03-15,Monday,1,1028R1,Daily Pentecost  03/02/2024,2024-03-02,2024/03/11 - 2024/03/15,10343
2024-03-11,2024-03-15,Tuesday,1,1028R2,Apostolic Leader Eric Hurd - The Great Deception - Who Is The Holy Spirit?  03/04/2024,2024-03-04,2024/03/11 - 2024/03/15,10347
2024-03-11,2024-03-15,Wednesday,1,1028R3,Apostle Don Beasley - The Great Deception/Falling Away  03/05/2024,2024-03-05,2024/03/11 - 2024/03/15,10351
2024-03-11,2024-03-15,Thursday,1,1028R4,Apostle Don Beasley - Who Is Holy Ghost?  03/06/2024,2024-03-06,2024/03/11 - 2024/03/15,10355
2024-03-11,2024-03-15,Friday,1,1028R5,"Prophet Duncan Wyllie, The Holy Ghost Conference 2/23/24 - Sin dis-positions us from God  030324Conf  (2024 HGC 3a-Wyllie.mov)",,2024/03/11 - 2024/03/15,10359
2024-03-11,2024-03-15,Friday,2,1028SW,"Dr. Hansen, The Holy Ghost Conference 2/22/24 - Who The Holy Spirit Is   030224Conf (2024 HGC 2b-Hansen.mov)",,2024/03/11 - 2024/03/15,10360
2024-03-11,2024-03-15,Friday,filler,1028Sun,"Dr. Hansen, The Holy Ghost Conference 2/23/24 - Holy Spirit has Intensions, Gives Direction, Loves  031024Conf (2024 HGC 3c-Hansen.mov)",,2024/03/11 - 2024/03/15,10361
2024-03-18,2024-03-22,Monday,1,1029R1,Who is The Holy Ghost?  03/09/2024,2024-03-09,2024/03/18 - 2024/03/22,10364
2024-03-18,2024-03-22,Tuesday,1,1029R2,"Philip Renner, The Holy Ghost Conference 2/23/24 - How to Catch the Wind  030424Conf (2024 HGC 3b-Renner.mov)",,2024/03/18 - 2024/03/22,10368
2024-03-18,2024-03-22,Wednesday,1,1029R3,"Mark Doolittle ""Preparing for End Times"" - The Ministry of Dr. Jonathan Hansen  03/06/2024",2024-03-06,2024/03/18 - 2024/03/22,10372
2024-03-18,2024-03-22,Thursday,1,1029R4,"Apostle Don Beasley - Who Is Holy Ghost?  continued, Gives direction  03/07/2024",2024-03-07,2024/03/18 - 2024/03/22,10376
2024-03-18,2024-03-22,Friday,1,1029R5,"Philip Renner, The Holy Ghost Conference 2/24/24 - Catching the Wind  (2024 HGC 5a-Renner.mov)",,2024/03/18 - 2024/03/22,10380
2024-03-18,2024-03-22,Friday,2,1029SW,LIVE - Who Is The Holy Spirit?  (OmegaManRadio with Shannon Davis 03/08/24),,2024/03/18 - 2024/03/22,10381
2024-03-18,2024-03-22,Friday,filler,1029Sun,"Prophet Duncan Wyllie, The Holy Ghost Conference 2/23/24 - It's only what you do to God through love that will last   031124Conf (2024 HGC 4a-Wyllie.mov)",,2024/03/18 - 2024/03/22,10382
2024-03-25,2024-03-29,Monday,1,1030R1,Dr. EJ Buckardt - Understanding the Israel & Hamas Situation 03/16/2024,2024-03-16,2024/03/25 - 2024/03/29,10385
2024-03-25,2024-03-29,Tuesday,1,1030R2,"Apostle David Bohorquez, Interpreter Angel Diaz, Bogota, Colombia   03/14/2024",2024-03-14,2024/03/25 - 2024/03/29,10389
2024-03-25,2024-03-29,Wednesday,1,1030R3,"Pastor, Journalist, Director of the newspaper The Word, Arnaldo Araque, Apostle David Bohorquez, Interpreter Angel Diaz, Bogota, Colombia 03/15/2024",2024-03-15,2024/03/25 - 2024/03/29,10393
2024-03-25,2024-03-29,Thursday,1,1030R4,"Entrepreneur & Driver Camilo Quiroga, Interpreter Angel Diaz, Bogota, Colombia 03/16/2024",2024-03-16,2024/03/25 - 2024/03/29,10397
2024-03-25,2024-03-29,Friday,1,1030R5,"Apostle David Bohorquez & Evangelist Alvaro Luna, Interpreter Angel Diaz, Bogota, Colombia 03/18/2024",2024-03-18,2024/03/25 - 2024/03/29,10401
2024-03-25,2024-03-29,Friday,2,1030SW,"Gov. of God vs. Moloch Ruling Colombia & World - Bogota, Colombia 3/14/24",2024-03-14,2024/03/25 - 2024/03/29,10402
2024-03-25,2024-03-29,Friday,filler,1030R5,Dr. EJ Buckardt - Biblical principals of health 42:40 05/23/2009,2009-05-23,2024/03/25 - 2024/03/29,10403
2024-04-01,2024-04-05,Monday,1,1031R1,Purim  03/23/2024,2024-03-23,2024/04/01 - 2024/04/05,10406
2024-04-01,2024-04-05,Tuesday,1,1031R2,"The Foundations Destroyed - Bogota, Colombia 3/15/24 am Meeting   03/15/2024",2024-03-15,2024/04/01 - 2024/04/05,10410
2024-04-01,2024-04-05,Wednesday,1,1031R3,"Pastor Vance Miller - Bogota, Colombia, March 12-19, 2024  03/27/2024",2024-03-27,2024/04/01 - 2024/04/05,10414
2024-04-01,2024-04-05,Thursday,1,1031R4,"How to Move Mountains with Our Nuclear Weapons - Bogota, Colombia 3/16/24 am Meeting Part 1   03/16/2024",2024-03-16,2024/04/01 - 2024/04/05,10418
2024-04-01,2024-04-05,Friday,1,1031R5,"How to Move Mountains with Our Nuclear Weapons - Bogota, Colombia 3/16/24 am Meeting Part 2   03/16/2024",2024-03-16,2024/04/01 - 2024/04/05,10422
2024-04-01,2024-04-05,Friday,2,1031SW,"We are called to Battle-to fight-to Win!! - Colombia, Conference 3-15-24 pm",,2024/04/01 - 2024/04/05,10423
2024-04-01,2024-04-05,Friday,filler,1031Sun,Rev. Adalia Hansen - The Power of God - Colombia Conference 3/15/24 am   45:40,,2024/04/01 - 2024/04/05,10424
2024-04-08,2024-04-12,Monday,1,1032R1,"Michael Lotem, Israel Ambassador to Kenya, at the Israel Embassy in Nairobi, Kenya 01/25/2024  1024R3",,2024/04/08 - 2024/04/12,10427
2024-04-08,2024-04-12,Tuesday,1,1032R2,"Rev. Adalia Hansen - Who is the Holy Spirit? - Bogota, Colombia 3/17/24 am Meeting Part 1",,2024/04/08 - 2024/04/12,10431
2024-04-08,2024-04-12,Wednesday,1,1032R3,"Rev. Adalia Hansen - Who is the Holy Spirit? - Bogota, Colombia 3/17/24 am Meeting Part 2",,2024/04/08 - 2024/04/12,10435
2024-04-08,2024-04-12,Thursday,1,1032R4,"Dr. Hansen - Daily Pentecost - Bogota, Colombia 3/17/24 am Meeting Part 1",,2024/04/08 - 2024/04/12,10439
2024-04-08,2024-04-12,Friday,1,1032R5,"Dr. Hansen - Daily Pentecost - Bogota, Colombia 3/17/24 am Meeting Part 2",,2024/04/08 - 2024/04/12,10443
2024-04-08,2024-04-12,Friday,2,1032SW,"The Foundations Destroyed - Bogota, Colombia 3/15/24 am Meeting  1031R2 / Rev. Adalia Hansen - The Power of God - Colombia Conference 3/15/24 am  1031Sun  (OmegaManRadio with Shannon Davis 03/29/24)",,2024/04/08 - 2024/04/12,10444
2024-04-08,2024-04-12,Friday,filler,1032Sun,"Dr. E.J. Buckardt - Steadfast Hope, Steadfast Faith; Trying to Help us through Our Human Deficiencies 10/31/2009  40:50",,2024/04/08 - 2024/04/12,10445
2024-04-15,2024-04-19,Monday,1,1033R1,Total Peace  04/06/2024,2024-04-06,2024/04/15 - 2024/04/19,10448
2024-04-15,2024-04-19,Tuesday,1,1033R2,George Bates - Died - Paralyzed & Healed  04/08/2024,2024-04-08,2024/04/15 - 2024/04/19,10452
2024-04-15,2024-04-19,Wednesday,1,1033R3,"Dr. Edward Baleke, Uganda - Church's Responsibility  04/10/2024  Senior Pastor Shekinah Worship Center, Kampala, Uganda - Regional Director (East & Central Africa) Wise Intentional Leadership Development (WILD) Kampala, Uganda",,2024/04/15 - 2024/04/19,10456
2024-04-15,2024-04-19,Thursday,1,1033R4,Apostle Dennis Moore - Repentance or Judgment  (Vision International Support Ministries)  04/10/2024,2024-04-10,2024/04/15 - 2024/04/19,10460
2024-04-15,2024-04-19,Friday,1,1033R5,"Michael Lotem, Israel Ambassador to Kenya, at the Israel Embassy in Nairobi, Kenya 01/25/2024  1024R3, 1032R1",,2024/04/15 - 2024/04/19,10464
2024-04-15,2024-04-19,Friday,2,1033SW,"How to Move Mountains with Our Nuclear Weapons - Bogota, Colombia 3/16/24 am Meeting   03/16/2024",2024-03-16,2024/04/15 - 2024/04/19,10465
2024-04-15,2024-04-19,Friday,filler,1033Sun,"Apostle David Bohorquez, Interpreter Angel Diaz, Bogota, Colombia 1030R2 / Entrepreneur & Driver Camilo Quiroga, Interpreter Angel Diaz, Bogota, Colombia 1030R4 (OmegaManRadio with Shannon Davis 04/05/24)  (01:16:08)",,2024/04/15 - 2024/04/19,10466
2024-04-22,2024-04-26,Monday,1,1034R1,The Way for Unity & Peace 04/13/2024,2024-04-13,2024/04/22 - 2024/04/26,10469
2024-04-22,2024-04-26,Tuesday,1,1034R2,Lena Beach - Breaking Addictions 04/12/2024,2024-04-12,2024/04/22 - 2024/04/26,10473
2024-04-22,2024-04-26,Wednesday,1,1034R3,"Gov. of God vs. Moloch Ruling Colombia & World Part 1 - Bogota, Colombia 3/14/24",2024-03-14,2024/04/22 - 2024/04/26,10477
2024-04-22,2024-04-26,Thursday,1,1034R4,"Gov. of God vs. Moloch Ruling Colombia & World Part 2 - Bogota, Colombia 3/14/24",2024-03-14,2024/04/22 - 2024/04/26,10481
2024-04-22,2024-04-26,Friday,1,1034R5,Dr. EJ Buckardt - Absolute Truth 04/18/2024,2024-04-18,2024/04/22 - 2024/04/26,10485
2024-04-22,2024-04-26,Friday,2,1034SW,"Apostle David Bohorquez & Evangelist Alvaro Luna, Interpreter Angel Diaz, Bogota, Colombia 1030R5 / Lena Beach - Breaking Addictions 1034R2 (OmegaManRadio with Shannon Davis 04/12/24)",,2024/04/22 - 2024/04/26,10486
2024-04-22,2024-04-26,Friday,filler,1034Sun,Dr. EJ Buckardt - What is Our Faith Really Built On? (Dr. J. Hansen in WA DC) 01/16/2021  52:54,,2024/04/22 - 2024/04/26,10487
2024-04-29,2024-05-03,Monday,1,1035R1,Passover 04/20/2024,2024-04-20,2024/04/29 - 2024/05/03,10490
2024-04-29,2024-05-03,Tuesday,1,1035R2,Apostolic Leader Eric Hurd - Mental Illness 04/19/2024,2024-04-19,2024/04/29 - 2024/05/03,10494
2024-04-29,2024-05-03,Wednesday,1,1035R3,Apostolic Leader Eric Hurd - Mental Illness Part 2 04/22/2024,2024-04-22,2024/04/29 - 2024/05/03,10498
2024-04-29,2024-05-03,Thursday,1,1035R4,Pastor Ron Dimaline - Church & WA. D.C. (Founder of New Mount Zion Ministries) 04/22/2024,2024-04-22,2024/04/29 - 2024/05/03,10502
2024-04-29,2024-05-03,Friday,1,1035R5,Fred Christian - Need to Evangelize - Study & Repent 04/24/2024,2024-04-24,2024/04/29 - 2024/05/03,10506
2024-04-29,2024-05-03,Friday,2,1035SW,"Dr. Edward Baleke, Uganda - Church's Responsibility 1033R3 / Apostle Dennis Moore - Repentance or Judgment  1033R4 (OmegaManRadio with Shannon Davis 04/19/24)",,2024/04/29 - 2024/05/03,10507
2024-04-29,2024-05-03,Friday,filler,1035Sun,"Rev. Dr. Ray Hannah, from Australia - We Need to Have a Greater Hunger, In the depths of Our Spirit, for the Revealed Glory of God  06/12/2010  38:27",,2024/04/29 - 2024/05/03,10508
2024-05-06,2024-05-10,Monday,1,1036R1,"Rev. Dr. EJ Buckardt - Standing on the Promises of God, Trust and Obey 04/27/2024 SS",,2024/05/06 - 2024/05/10,10511
2024-05-06,2024-05-10,Tuesday,1,1036R2,Rev. Dr. EJ Buckardt - Bio 04/22/2024,2024-04-22,2024/05/06 - 2024/05/10,10515
2024-05-06,2024-05-10,Wednesday,1,1036R3,"Rev. Dr. EJ Buckardt, Pastor Vance Miller - European Union & America's Attack on Speech 04/22/2024",2024-04-22,2024/05/06 - 2024/05/10,10519
2024-05-06,2024-05-10,Thursday,1,1036R4,"Attack on Our Free Speech & Freedom Part 1 - with Pastor Cynthia Eggers, Faith Tabernacle Pentecostal Church of God, Albuquerque, NM 4/28/24",2024-04-28,2024/05/06 - 2024/05/10,10523
2024-05-06,2024-05-10,Friday,1,1036R5,"Attack on Our Free Speech & Freedom Part 2 - with Pastor Cynthia Eggers, Faith Tabernacle Pentecostal Church of God, Albuquerque, NM 4/28/24",2024-04-28,2024/05/06 - 2024/05/10,10527
2024-05-06,2024-05-10,Friday,2,1035SW,"Apostolic Leader Eric Hurd - The Great Deception - Who Is The Holy Spirit? 1028R2 / Mark Doolittle ""Preparing for End Times"" - The Ministry of Dr. Jonathan Hansen 1029R3 (OmegaManRadio with Shannon Davis 04/26/24)",,2024/05/06 - 2024/05/10,10528
2024-05-06,2024-05-10,Friday,filler,1036Sun,"Attack on Our Free Speech & Freedom - with Pastor Cynthia Eggers, Faith Tabernacle Pentecostal Church of God, Albuquerque, NM 4/28/24",2024-04-28,2024/05/06 - 2024/05/10,10529
2024-05-13,2024-05-17,Monday,1,1037R1,Unleavened Bread 05/04/2024,2024-05-04,2024/05/13 - 2024/05/17,10532
2024-05-13,2024-05-17,Tuesday,1,1037R2,"Rev. Adalia Hansen - Out of Darkness - with Pastor Cynthia Eggers, Faith Tabernacle Pentecostal Church of God, Albuquerque, NM 4/25/24",2024-04-25,2024/05/13 - 2024/05/17,10536
2024-05-13,2024-05-17,Wednesday,1,1037R3,Sandra Martinez - Actress - Dying of Cancer - Healed 05/07/2024,2024-05-07,2024/05/13 - 2024/05/17,10540
2024-05-13,2024-05-17,Thursday,1,1037R4,"Pastor Cynthia Eggers - Is Repentance & Holy Spirit Necessary? (Faith Tabernacle Pentecostal Church of God, Albuquerque, NM) 05/07/2024",2024-05-07,2024/05/13 - 2024/05/17,10544
2024-05-13,2024-05-17,Friday,1,1037R5,Lena Beach - Breaking Addictions Part 2 05/08/2024,2024-05-08,2024/05/13 - 2024/05/17,10548
2024-05-13,2024-05-17,Friday,2,1037SW,"Attack on Our Free Speech & Freedom - with Pastor Cynthia Eggers, Faith Tabernacle Pentecostal Church of God, Albuquerque, NM 4/28/24 (OmegaManRadio with Shannon Davis 05/03/24)",,2024/05/13 - 2024/05/17,10549
2024-05-13,2024-05-17,Friday,filler,1037Sun,Apostle Daniel Rodes - Faith is Knowing  06/22/2010 47:00,,2024/05/13 - 2024/05/17,10550
2024-05-20,2024-05-24,Monday,1,1038R1,Resurrection Day - First Fruits 05/11/2024,2024-05-11,2024/05/20 - 2024/05/24,10553
2024-05-20,2024-05-24,Tuesday,1,1038R2,Bishop Rick Callahan - America's Church 05/14/2024,2024-05-14,2024/05/20 - 2024/05/24,10557
2024-05-20,2024-05-24,Wednesday,1,1038R3,"Bishop Israel Sanoy - The Church's Mandate (from the Philippines, Pastor of Love Fellowship Church International, 140 Lake Ave. S., Renton, WA 98057) 05/14/2024",2024-05-14,2024/05/20 - 2024/05/24,10561
2024-05-20,2024-05-24,Thursday,1,1038R4,Apostle Dennis Moore - Holy Ghost Essential  (Vision International Support Ministries) 05/15/2024,2024-05-15,2024/05/20 - 2024/05/24,10565
2024-05-20,2024-05-24,Friday,1,1038R5,Pastor Joe Kirkwood - Miracles - Pakistan - Uganda - Ethiopia 05/15/2024,2024-05-15,2024/05/20 - 2024/05/24,10569
2024-05-20,2024-05-24,Friday,2,1038SW,"Sandra Martinez - Actress - Dying of Cancer - Healed 1037R3 / Rev. Adalia Hansen - Out of Darkness - with Pastor Cynthia Eggers, Faith Tabernacle Pentecostal Church of God, Albuquerque, NM 4/25/24 1037R2 (OmegaManRadio with Shannon Davis 05/10/24)",,2024/05/20 - 2024/05/24,10570
2024-05-20,2024-05-24,Friday,filler,1038Sun,Dr. E.J. Buckardt - Who Shall Separate Us from the Love of God? 08/14/2010  39:40,,2024/05/20 - 2024/05/24,10571
2024-05-27,2024-05-31,Monday,1,1039R1,Dr. Emanuel Ziga - Pillars of the House of God Part 1 05/18/2024,2024-05-18,2024/05/27 - 2024/05/31,10574
2024-05-27,2024-05-31,Tuesday,1,1039R2,Dr. Emanuel Ziga - Pillars of the House of God Part 2 05/18/2024,2024-05-18,2024/05/27 - 2024/05/31,10578
2024-05-27,2024-05-31,Wednesday,1,1039R3,"How to Use Our Spiritual Nuclear Weapons to Stop the Tyranny Sweeping America and the Nations Part 1 - with Bishop Israel Sanoy, Love Fellowship Church International, Renton, WA 5/19/24",2024-05-19,2024/05/27 - 2024/05/31,10582
2024-05-27,2024-05-31,Thursday,1,1039R4,"How to Use Our Spiritual Nuclear Weapons to Stop the Tyranny Sweeping America and the Nations Part 2 - with Bishop Israel Sanoy, Love Fellowship Church International, Renton, WA 5/19/24",2024-05-19,2024/05/27 - 2024/05/31,10586
2024-05-27,2024-05-31,Friday,1,1039R5,"How to Use Our Spiritual Nuclear Weapons to Stop the Tyranny Sweeping America and the Nations Part 3 - with Bishop Israel Sanoy, Love Fellowship Church International, Renton, WA 5/19/24",2024-05-19,2024/05/27 - 2024/05/31,10590
2024-05-27,2024-05-31,Friday,2,1039SW,Dr. Emanuel Ziga - Pillars of the House of God 05/18/2024,2024-05-18,2024/05/27 - 2024/05/31,10591
2024-05-27,2024-05-31,Friday,filler,1039Sun,"How to Use Our Spiritual Nuclear Weapons to Stop the Tyranny Sweeping America and the Nations - with Bishop Israel Sanoy, Love Fellowship Church International, Renton, WA 5/19/24  1:19:35",,2024/05/27 - 2024/05/31,10592
2024-06-03,2024-06-07,Monday,1,1040R1,Minister Fred Christian - Communism & the New World Order 05/27/2024,2024-05-27,2024/06/03 - 2024/06/07,10595
2024-06-03,2024-06-07,Tuesday,1,1040R2,Dominic Imperato - Drugs - Died 3 Times 05/23/24,2024-05-23,2024/06/03 - 2024/06/07,10599
2024-06-03,2024-06-07,Wednesday,1,1040R3,"Dr. Andy Nazario, Ret. Capt. Bernalillo County Sheriff's Dept., NM - Former Law Enforcement - Communist Takeover - Hamas Invasion 05/30/2024",2024-05-30,2024/06/03 - 2024/06/07,10603
2024-06-03,2024-06-07,Thursday,1,1040R4,Captain Milton Alvarez - Former Mafia - God Moving in Pakistan 05/30/2024,2024-05-30,2024/06/03 - 2024/06/07,10607
2024-06-03,2024-06-07,Friday,1,1040R5,"Michael Lotem, Israel Ambassador to Kenya, at the Israel Embassy in Nairobi, Kenya 01/25/2024  1024R3, 1032R1, 1033R5",,2024/06/03 - 2024/06/07,10611
2024-06-03,2024-06-07,Friday,2,1040SW,"Bishop Israel Sanoy - The Church's Mandate (from the Philippines, Pastor of Love Fellowship Church International, 140 Lake Ave. S., Renton, WA 98057) 1038R3 / Pastor Joe Kirkwood - Miracles - Pakistan - Uganda - Ethiopia 1038R5 (OmegaManRadio with Shannon Davis 05/17/24)",,2024/06/03 - 2024/06/07,10612
2024-06-03,2024-06-07,Friday,filler,1040Sun,Salvation is a Package - Pastor Tobias Nyamwaya from Kenya 09/11/2010  22:20,,2024/06/03 - 2024/06/07,10613
2024-06-10,2024-06-14,Monday,1,1041R1,Pentecost 06/01/2024,2024-06-01,2024/06/10 - 2024/06/14,10616
2024-06-10,2024-06-14,Tuesday,1,1041R2,Minister Fred Christian - The Holy Spirit 06/03/2024,2024-06-03,2024/06/10 - 2024/06/14,10620
2024-06-10,2024-06-14,Wednesday,1,1041R3,Captain Milton Alvarez - Japan Mafia 06/05/2024,2024-06-05,2024/06/10 - 2024/06/14,10624
2024-06-10,2024-06-14,Thursday,1,1041R4,"Dr. Andy Nazario, Ret. Capt. Bernalillo County Sheriff's Dept., NM - Pres. Trump Kangaroo Court & Verdict 06/05/2024",2024-06-05,2024/06/10 - 2024/06/14,10628
2024-06-10,2024-06-14,Friday,1,1041R5,"Scott Nazarino - Candidate US Senate, WA State 2024 06/05/2024",2024-06-05,2024/06/10 - 2024/06/14,10632
2024-06-10,2024-06-14,Friday,2,1041SW,"Minister Fred Christian - The Holy Spirit 1041R2 / Michael Lotem, Israel Ambassador to Kenya, at the Israel Embassy in Nairobi, Kenya 01/25/2024  1024R3, 1032R1, 1033R5, 1040R5",,2024/06/10 - 2024/06/14,10633
2024-06-10,2024-06-14,Friday,filler,1041Sun,Rev. Tobias Nyamwaya - There's a need to pray as never before 09/10/2010  24:11,,2024/06/10 - 2024/06/14,10634
2024-06-17,2024-06-21,Monday,1,1042R1,We Have to Receive Elijah's Mantle 06/08/2024,2024-06-08,2024/06/17 - 2024/06/21,10637
2024-06-17,2024-06-21,Tuesday,1,1042R2,Minister Fred Christian - A Double Dose of the Holy Ghost  06/10/2024,2024-06-10,2024/06/17 - 2024/06/21,10641
2024-06-17,2024-06-21,Wednesday,1,1042R3,Apostolic Leader Eric Hurd - The Divine Nature Part 1  06/10/2024,2024-06-10,2024/06/17 - 2024/06/21,10645
2024-06-17,2024-06-21,Thursday,1,1042R4,"Dr. Andy Nazario, Ret. Capt. Bernalillo County Sheriff's Dept., NM - Pride Month  06/11/2024",2024-06-11,2024/06/17 - 2024/06/21,10649
2024-06-17,2024-06-21,Friday,1,1042R5,Pastor David Manila - The Philadelphia Mob  06/12/24,2024-06-12,2024/06/17 - 2024/06/21,10653
2024-06-17,2024-06-21,Friday,2,1042SW,Pentecost 1041R1  (OmegaManRadio with Shannon Davis 06/07/24),,2024/06/17 - 2024/06/21,10654
2024-06-17,2024-06-21,Friday,filler,1042Sun,Rev. Tobias Nyamwaya - Unforgiveness effects our prayer life  24:30,,2024/06/17 - 2024/06/21,10655
2024-06-24,2024-06-28,Monday,1,1043R1,Warnings in Dreams  06/15/2024,2024-06-15,2024/06/24 - 2024/06/28,10658
2024-06-24,2024-06-28,Tuesday,1,1043R2,Dr. EJ Buckardt - Toppling of Constitution & Treason  06/12/2024,2024-06-12,2024/06/24 - 2024/06/28,10662
2024-06-24,2024-06-28,Wednesday,1,1043R3,"Dr. Andy Nazario, Ret. Capt. Bernalillo County Sheriff's Dept., NM - MS13 & the Russians  06/17/2024",2024-06-17,2024/06/24 - 2024/06/28,10666
2024-06-24,2024-06-28,Thursday,1,1043R4,Minister Fred Christian - A Double Dose of the Holy Ghost Part 2   06/17/2024,2024-06-17,2024/06/24 - 2024/06/28,10670
2024-06-24,2024-06-28,Friday,1,1043R5,Apostolic Leader Eric Hurd - The Divine Nature Part 2  06/17/2024,2024-06-17,2024/06/24 - 2024/06/28,10674
2024-06-24,2024-06-28,Friday,2,1043SW,Pastor David Manila - The Philadelphia Mob  1042R5 / We Have to Receive Elijah's Mantle 1042R1 (OmegaManRadio with Shannon Davis 06/14/24),,2024/06/24 - 2024/06/28,10675
2024-06-24,2024-06-28,Friday,filler,1043Sun,Rev. Tobias Nyamwaya - Forgetting the Past   10/23/2010  44:45,,2024/06/24 - 2024/06/28,10676
2024-07-01,2024-07-05,Monday,1,1044R1,The Consequences of Disbelief in the Warnings of Visions and Dreams  06/22/2024,2024-06-22,2024/07/01 - 2024/07/05,10679
2024-07-01,2024-07-05,Tuesday,1,1044R2,"Pastor David Manila - Former Philadelphia Mobster, Now Evangelist & Pastor part 2 06/19/2024",2024-06-19,2024/07/01 - 2024/07/05,10683
2024-07-01,2024-07-05,Wednesday,1,1044R3,"Dr. Andy Nazario, Ret. Capt. Bernalillo County Sheriff's Dept., NM - Critical Race Theory  06/24/2024",2024-06-24,2024/07/01 - 2024/07/05,10687
2024-07-01,2024-07-05,Thursday,1,1044R4,Minister Fred Christian - The Importance of Prayer / Frank Sinatra & Elvis Presley  06/24/2024,2024-06-24,2024/07/01 - 2024/07/05,10691
2024-07-01,2024-07-05,Friday,1,1044R5,Sidney Hemmingmoore - Warning for Netanyahu & Germany's Betrayal  06/24/2024,2024-06-24,2024/07/01 - 2024/07/05,10695
2024-07-01,2024-07-05,Friday,2,1044SW,"Dr. Andy Nazario, Ret. Capt. Bernalillo County Sheriff's Dept., NM - MS13 & the Russians  1043R3 / Warnings in Dreams 1043R1 (OmegaManRadio with Shannon Davis 06/21/24)",,2024/07/01 - 2024/07/05,10696
2024-07-01,2024-07-05,Friday,filler,1044Sun,Pastor Tobias Nyamwaya - Encourage Yourself in the Lord  10/30/2010  33:08,,2024/07/01 - 2024/07/05,10697
2024-07-08,2024-07-12,Monday,1,1045R1,Bishop Israel Sanoy - Our food in our spiritual lives is to do the will of God Part 1 06/29/2024,2024-06-29,2024/07/08 - 2024/07/12,10700
2024-07-08,2024-07-12,Tuesday,1,1045R2,Bishop Israel Sanoy - Our food in our spiritual lives is to do the will of God Part 2 06/29/2024,2024-06-29,2024/07/08 - 2024/07/12,10704
2024-07-08,2024-07-12,Wednesday,1,1045R3,"Ben (Benancio) Garcia - Candidate U.S. Congress, WA State 4th Dist.  06/26/2024",2024-06-26,2024/07/08 - 2024/07/12,10708
2024-07-08,2024-07-12,Thursday,1,1045R4,"Michael Lotem, Israel Ambassador to Kenya, at the Israel Embassy in Nairobi, Kenya 01/25/2024  1024R3, 1032R1, 1033R5, 1040R5",,2024/07/08 - 2024/07/12,10712
2024-07-08,2024-07-12,Friday,1,1045R5,Apostolic Leader Eric Hurd - Mind Control - Biden - COVID  06/24/2024,2024-06-24,2024/07/08 - 2024/07/12,10716
2024-07-08,2024-07-12,Friday,2,1045SW,Bishop Israel Sanoy - Our food in our spiritual lives is to do the will of God  06/29/2024,2024-06-29,2024/07/08 - 2024/07/12,10717
2024-07-08,2024-07-12,Friday,filler,1045Sun,Tom Gliebe (Let Go of the Past) & Deborah Gliebe (The Confession of Our Mouth) (FireGate Ministries International) 02/12/2011   1:19:28,,2024/07/08 - 2024/07/12,10718
2024-07-15,2024-07-19,Monday,1,1046R1,Being with Christ  07/06/2024,2024-07-06,2024/07/15 - 2024/07/19,10721
2024-07-15,2024-07-19,Tuesday,1,1046R2,"Michael Lotem, Israel Ambassador to Kenya, at the Israel Embassy in Nairobi, Kenya 01/25/2024  1024R3, 1032R1, 1033R5, 1040R5, 1045R4",,2024/07/15 - 2024/07/19,10725
2024-07-15,2024-07-19,Wednesday,1,1046R3,Captain Milton Alvarez - United Arab Emirates - God's Treasure Chest  06/25/2024,2024-06-25,2024/07/15 - 2024/07/19,10729
2024-07-15,2024-07-19,Thursday,1,1046R4,Corey Fischer - Flatlined - Demonics  06/26/2024,2024-06-26,2024/07/15 - 2024/07/19,10733
2024-07-15,2024-07-19,Friday,1,1046R5,"Michael Lotem, Israel Ambassador to Kenya, at the Israel Embassy in Nairobi, Kenya 01/25/2024  1024R3, 1032R1, 1033R5, 1040R5, 1045R4, 1046R2",,2024/07/15 - 2024/07/19,10737
2024-07-15,2024-07-19,Friday,2,1046SW,Dr. Emanuel Ziga - Pillars of the House of God 051924SS (OmegaManRadio with Shannon Davis 06/21/24),,2024/07/15 - 2024/07/19,10738
2024-07-15,2024-07-19,Friday,filler,1046Sun,Dr. EJ Buckardt - God has always required us to have the Commandments in our hearts  03/05/2011,2011-03-05,2024/07/15 - 2024/07/19,10739
2024-07-22,2024-07-26,Monday,1,1047R1,"Dr. EJ Buckardt - Return to the Lord - ""Before it's too late"" 07/13/2024",2024-07-13,2024/07/22 - 2024/07/26,10742
2024-07-22,2024-07-26,Tuesday,1,1047R2,Apostolic Leader Dennis Moore - Living a Life that Empowers Your Spouse Part 1 (Vision International Support Ministries)  06/26/2024,2024-06-26,2024/07/22 - 2024/07/26,10746
2024-07-22,2024-07-26,Wednesday,1,1047R3,Apostolic Leader Dennis Moore - Living a Life that Empowers Your Spouse Part 2 (Vision International Support Ministries)  06/28/2024,2024-06-28,2024/07/22 - 2024/07/26,10750
2024-07-22,2024-07-26,Thursday,1,1047R4,Apostolic Leader Dennis Moore - Living a Life that Empowers Your Spouse Part 3 (Vision International Support Ministries)  07/01/2024,2024-07-01,2024/07/22 - 2024/07/26,10754
2024-07-22,2024-07-26,Friday,1,1047R5,"Michael Lotem, Israel Ambassador to Kenya, at the Israel Embassy in Nairobi, Kenya 01/25/2024  1024R3, 1032R1, 1033R5, 1040R5, 1045R4, 1046R2, 1046R5",,2024/07/22 - 2024/07/26,10758
2024-07-22,2024-07-26,Friday,2,1047SW,"Pastor David Manila - Former Philadelphia Mobster, Now Evangelist & Pastor part 2 1044R2 / The Consequences of Disbelief in the Warnings of Visions and Dreams 1044R1 (OmegaManRadio with Shannon Davis 07/12/24)",,2024/07/22 - 2024/07/26,10759
2024-07-22,2024-07-26,Friday,filler,1047Sun,Dr. EJ Buckardt - Intimacy with the Father - Do Not Fear  04/02/2011  27:45,,2024/07/22 - 2024/07/26,10760
2024-07-29,2024-08-02,Monday,1,1048R1,"Dr. EJ Buckardt - Return to the Lord - ""Before it's too late"" Part 2 07/20/2024",2024-07-20,2024/07/29 - 2024/08/02,10763
2024-07-29,2024-08-02,Tuesday,1,1048R2,"Dr. Andy Nazario, Ret. Capt. Bernalillo County Sheriff's Dept., NM - Russia, China, N. Korea, Iran - Are We Going to War?  07/01/2024",2024-07-01,2024/07/29 - 2024/08/02,10767
2024-07-29,2024-08-02,Wednesday,1,1048R3,Minister Fred Christian - The Importance of Prayer Part 2 - Some Things Christians Should Pray For  07/01/2024,2024-07-01,2024/07/29 - 2024/08/02,10771
2024-07-29,2024-08-02,Thursday,1,1048R4,"Michael Lotem, Israel Ambassador to Kenya, at the Israel Embassy in Nairobi, Kenya 01/25/2024  1024R3, 1032R1, 1033R5, 1040R5, 1045R4, 1046R2, 1046R5, 1047R5",,2024/07/29 - 2024/08/02,10775
2024-07-29,2024-08-02,Friday,1,1048R5,Sidney Hemmingmoore - Prime Minister Netanyahu  07/01/2024,2024-07-01,2024/07/29 - 2024/08/02,10779
2024-07-29,2024-08-02,Friday,2,1048SW,Sidney Hemmingmoore - Warning for Netanyahu & Germany's Betrayal  1044R5 / Being with Christ 1046R1 (OmegaManRadio with Shannon Davis 07/19/24),,2024/07/29 - 2024/08/02,10780
2024-07-29,2024-08-02,Friday,filler,1048Sun,"Solomon Kimuyu, PhD, from Kenya - Integrity 08/13/2011  57:53",,2024/07/29 - 2024/08/02,10781
2024-08-05,2024-08-09,Monday,1,1049R1,Dr. EJ Buckardt - Decernment: Seeing Through Satan's Deception 07/27/2024,2024-07-27,2024/08/05 - 2024/08/09,10784
2024-08-05,2024-08-09,Tuesday,1,1049R2,"Michael Lotem, Israel Ambassador to Kenya, at the Israel Embassy in Nairobi, Kenya 01/25/2024  1024R3, 1032R1, 1033R5, 1040R5, 1045R4, 1046R2, 1046R5, 1047R5, 1048R4",,2024/08/05 - 2024/08/09,10788
2024-08-05,2024-08-09,Wednesday,1,1049R3,"Pastor Mike Unverzagt, The House NW, Vancouver, WA - Miracles  07/01/2024",2024-07-01,2024/08/05 - 2024/08/09,10792
2024-08-05,2024-08-09,Thursday,1,1049R4,Apostolic Leader Eric Hurd - Mind Control Part 2 (Hitler - Biden - COVID) 07/01/2024,2024-07-01,2024/08/05 - 2024/08/09,10796
2024-08-05,2024-08-09,Friday,1,1049R5,"Apostle Joceley Silveira - Global Church, Puyallup, WA  07/03/2024",2024-07-03,2024/08/05 - 2024/08/09,10800
2024-08-05,2024-08-09,Friday,2,1049SW,Apostolic Leader Dennis Moore - Living a Life that Empowers Your Spouse Part 1 1047R2 / Apostolic Leader Dennis Moore - Living a Life that Empowers Your Spouse Part 2 1047R3 (OmegaManRadio with Shannon Davis 07/26/24),,2024/08/05 - 2024/08/09,10801
2024-08-05,2024-08-09,Friday,filler,1049Sun,Evangelist (Captain) Milton Alvarez - The Supernatural Word of God Alive in You  01/07/2012  1:19:15,,2024/08/05 - 2024/08/09,10802
2024-08-12,2024-08-16,Monday,1,1050R1,Bishop Geoffrey Njuguna - Focusing on God's Kingdom Purpose (OmegaManRadio with Shannon Davis 08/02/24) Part 1,,2024/08/12 - 2024/08/16,10805
2024-08-12,2024-08-16,Tuesday,1,1050R2,Bishop Geoffrey Njuguna - Focusing on God's Kingdom Purpose (OmegaManRadio with Shannon Davis 08/02/24) Part 2,,2024/08/12 - 2024/08/16,10809
2024-08-12,2024-08-16,Wednesday,1,1050R3,Minister Fred Christian - The Difference Between Conviction & Condemnation 08/05/2024,2024-08-05,2024/08/12 - 2024/08/16,10813
2024-08-12,2024-08-16,Thursday,1,1050R4,Pastor Leo Bogee - Heresy - Olympics - Lesbian Bishop  08/08/2024,2024-08-08,2024/08/12 - 2024/08/16,10817
2024-08-12,2024-08-16,Friday,1,1050R5,"Michael Lotem, Israel Ambassador to Kenya, at the Israel Embassy in Nairobi, Kenya 01/25/2024  1024R3, 1032R1, 1033R5, 1040R5, 1045R4, 1046R2, 1046R5, 1047R5, 1048R4, 1049R2",,2024/08/12 - 2024/08/16,10821
2024-08-12,2024-08-16,Friday,2,1050SW,Bishop Geoffrey Njuguna - Focusing on God's Kingdom Purpose (OmegaManRadio with Shannon Davis 08/02/24),,2024/08/12 - 2024/08/16,10822
2024-08-12,2024-08-16,Friday,filler,1050Sun,Apostle Reuben Esh - Stand Your Ground  04/16/2012  48:42,,2024/08/12 - 2024/08/16,10823
2024-08-19,2024-08-23,Monday,1,1051R1,"Michael Lotem, Israel Ambassador to Kenya, at the Israel Embassy in Nairobi, Kenya 01/25/2024  1024R3, 1032R1, 1033R5, 1040R5, 1045R4, 1046R2, 1046R5, 1047R5, 1048R4, 1049R2, 1050R5",,2024/08/19 - 2024/08/23,10826
2024-08-19,2024-08-23,Tuesday,1,1051R2,Dr. Hansen & Dr. EJ Buckardt - Heresy in the Church (OmegaManRadio with Shannon Davis 08/09/24) Part 1,,2024/08/19 - 2024/08/23,10830
2024-08-19,2024-08-23,Wednesday,1,1051R3,Dr. Hansen & Dr. EJ Buckardt - Heresy in the Church (OmegaManRadio with Shannon Davis 08/09/24) Part 2,,2024/08/19 - 2024/08/23,10834
2024-08-19,2024-08-23,Thursday,1,1051R4,"Rev. Elizabeth Njuguna - Keep a Humble Attitude, Always Acknowledging Your Need for God's Word",,2024/08/19 - 2024/08/23,10838
2024-08-19,2024-08-23,Friday,1,1051R5,Bishop Geoffrey Njuguna - The True Path to Spiritual Growth,,2024/08/19 - 2024/08/23,10842
2024-08-19,2024-08-23,Friday,2,1051SW,Dr. Hansen & Dr. EJ Buckardt - Heresy in the Church (OmegaManRadio with Shannon Davis 08/09/24),,2024/08/19 - 2024/08/23,10843
2024-08-19,2024-08-23,Friday,filler,1051Sun,Apostle Reuben Esh - Conditions for Prosperity & Success  04/17/2012  29:04,,2024/08/19 - 2024/08/23,10844
2024-08-26,2024-08-30,Monday,1,1052R1,Jessica Munoz - Child Sex Trafficking  08/09/2024,2024-08-09,2024/08/26 - 2024/08/30,10847
2024-08-26,2024-08-30,Tuesday,1,1052R2,Minister Fred Christian - Liberalism and the Destruction of America  08/12/2024,2024-08-12,2024/08/26 - 2024/08/30,10851
2024-08-26,2024-08-30,Wednesday,1,1052R3,Minister Fred Christian - Predestination vs. Free Will  08/19/2024,2024-08-19,2024/08/26 - 2024/08/30,10855
2024-08-26,2024-08-30,Thursday,1,1052R4,"Michael Lotem, Israel Ambassador to Kenya, at the Israel Embassy in Nairobi, Kenya 01/25/2024  1024R3, 1032R1, 1033R5, 1040R5, 1045R4, 1046R2, 1046R5, 1047R5, 1048R4, 1049R2, 1050R5, 1051R1",,2024/08/26 - 2024/08/30,10859
2024-08-26,2024-08-30,Friday,1,1052R5,Pastor Jacquie Kirkwood - The Glory of God  08/21/2024,2024-08-21,2024/08/26 - 2024/08/30,10863
2024-08-26,2024-08-30,Friday,2,1052SW,Jim Barfield & Pastor Matt Shea - The Copper Scroll Project (OmegaManRadio with Shannon Davis 08/16/24),,2024/08/26 - 2024/08/30,10864
2024-08-26,2024-08-30,Friday,filler,1052Sun,Deborah Gliebe - Faith in God will Stand    04/28/2012  01:18:20,,2024/08/26 - 2024/08/30,10865
2024-09-02,2024-09-06,Monday,1,1053R1,Jim Barfield & Pastor Matt Shea - The Copper Scroll Project Part 1 (Radio studio 1) 08/15/2024,2024-08-15,2024/09/02 - 2024/09/06,10868
2024-09-02,2024-09-06,Tuesday,1,1053R2,"Michael Lotem, Israel Ambassador to Kenya, at the Israel Embassy in Nairobi, Kenya 01/25/2024  1024R3, 1032R1, 1033R5, 1040R5, 1045R4, 1046R2, 1046R5, 1047R5, 1048R4, 1049R2, 1050R5, 1051R1, 1052R4",,2024/09/02 - 2024/09/06,10872
2024-09-02,2024-09-06,Wednesday,1,1053R3,Jim Barfield & Pastor Matt Shea - The Copper Scroll Project Part 2 (TV studio 1)  08/16/2024,2024-08-16,2024/09/02 - 2024/09/06,10876
2024-09-02,2024-09-06,Thursday,1,1053R4,Jim Barfield & Pastor Matt Shea - The Copper Scroll Project Part 3 (TV studio 2)  08/16/2024,2024-08-16,2024/09/02 - 2024/09/06,10880
2024-09-02,2024-09-06,Friday,1,1053R5,Jim Barfield & Pastor Matt Shea - The Copper Scroll Project Part 4 (Radio studio 2)  08/16/2024,2024-08-16,2024/09/02 - 2024/09/06,10884
2024-09-02,2024-09-06,Friday,2,1053SW,"Apostolic Leader Rev. Daniel Ong - Holy Spirit strengthen our innermost being (International Christian Center, Renton, WA)  08/24/2024",2024-08-24,2024/09/02 - 2024/09/06,10885
2024-09-02,2024-09-06,Friday,filler,1053Sun,Jessica Munoz - Child Sex Trafficking 1052R1 / Pastor Jacquie Kirkwood - The Glory of God 1052R5 (OmegaManRadio with Shannon Davis 08/23/24)  1:16:25,,2024/09/02 - 2024/09/06,10886
2024-09-09,2024-09-13,Monday,1,1054R1,Jim Barfield & Pastor Matt Shea - The Copper Scroll Project Part 5 (Radio studio 4)  08/16/2024,2024-08-16,2024/09/09 - 2024/09/13,10889
2024-09-09,2024-09-13,Tuesday,1,1054R2,Pastor Matt Shea - A Future of Evil or a Future of God (Radio studio 3)  08/16/2024,2024-08-16,2024/09/09 - 2024/09/13,10893
2024-09-09,2024-09-13,Wednesday,1,1054R3,"Apostle Joceley Silveira - The Scriptures are Enough Part 1 Global Church, Pyuallup, WA  08/17/2024 SS  (14422 Meridian Ave, Puyalup, WA - weareglobalchurch.com)",,2024/09/09 - 2024/09/13,10897
2024-09-09,2024-09-13,Thursday,1,1054R4,"Apostle Joceley Silveira - The Scriptures are Enough Part 2 Global Church, Pyuallup, WA  08/17/2024 SS  (14422 Meridian Ave, Puyalup, WA - weareglobalchurch.com)",,2024/09/09 - 2024/09/13,10901
2024-09-09,2024-09-13,Friday,1,1054R5,"Michael Lotem, Israel Ambassador to Kenya, at the Israel Embassy in Nairobi, Kenya 01/25/2024  1024R3, 1032R1, 1033R5, 1040R5, 1045R4, 1046R2, 1046R5, 1047R5, 1048R4, 1049R2, 1050R5, 1051R1, 1052R4, 1053R2, 1054R5",,2024/09/09 - 2024/09/13,10905
2024-09-09,2024-09-13,Friday,2,1054SW,America's Last Years (OmegaManRadio with Shannon Davis 08/30/24),,2024/09/09 - 2024/09/13,10906
2024-09-09,2024-09-13,Friday,filler,1054Sun,"Apostle Joceley Silveira - The Scriptures are Enough - Global Church, Pyuallup, WA  08/17/2024 SS  (14422 Meridian Ave, Puyalup, WA - weareglobalchurch.com) 48:48",,2024/09/09 - 2024/09/13,10907
2024-09-16,2024-09-20,Monday,1,1055R1,"Apostolic Leader Rev. Daniel Ong - Holy Spirit strengthen our innermost being Part 1 (International Christian Center, Renton, WA) 08/24/2024",2024-08-24,2024/09/16 - 2024/09/20,10910
2024-09-16,2024-09-20,Tuesday,1,1055R2,"Apostolic Leader Rev. Daniel Ong - Holy Spirit strengthen our innermost being Part 2 (International Christian Center, Renton, WA) 08/24/2024",2024-08-24,2024/09/16 - 2024/09/20,10914
2024-09-16,2024-09-20,Wednesday,1,1055R3,America's Last Years (OmegaManRadio with Shannon Davis 08/30/24) Part 1,,2024/09/16 - 2024/09/20,10918
2024-09-16,2024-09-20,Thursday,1,1055R4,America's Last Years (OmegaManRadio with Shannon Davis 08/30/24) Part 2,,2024/09/16 - 2024/09/20,10922
2024-09-16,2024-09-20,Friday,1,1055R5,Apostolic Leader Eric Hurd - Marriage God's Way Part 1  09/11/2024,2024-09-11,2024/09/16 - 2024/09/20,10926
2024-09-16,2024-09-20,Friday,2,1055SW,Pastor Matt Shea - A Future of Evil or a Future of God 1054R2 / What is your Destiny? 083124SS (OmegaManRadio with Shannon Davis 09/06/24),,2024/09/16 - 2024/09/20,10927
2024-09-16,2024-09-20,Friday,filler,1055Sun,What is your Destiny?  08/31/2024  36:52,,2024/09/16 - 2024/09/20,10928
2024-09-23,2024-09-27,Monday,1,1056R1,Apostolic Leader Eric Hurd - Marriage God's Way Part 2  09/11/2024,2024-09-11,2024/09/23 - 2024/09/27,10931
2024-09-23,2024-09-27,Tuesday,1,1056R2,Apostolic Leader Eric Hurd - For Men Only  09/11/2024,2024-09-11,2024/09/23 - 2024/09/27,10935
2024-09-23,2024-09-27,Wednesday,1,1056R3,Attorney Stephen Pidgeon - The Common Man & Todays Insanity (OmegaManRadio with Shannon Davis 09/13/24-2) Part 1,,2024/09/23 - 2024/09/27,10939
2024-09-23,2024-09-27,Thursday,1,1056R4,Attorney Stephen Pidgeon - The Common Man & Todays Insanity (OmegaManRadio with Shannon Davis 09/13/24-2) Part 2,,2024/09/23 - 2024/09/27,10943
2024-09-23,2024-09-27,Friday,1,1056R5,Attorney Stephen Pidgeon - The Common Man & Todays Insanity (OmegaManRadio with Shannon Davis 09/13/24-2) Part 3,,2024/09/23 - 2024/09/27,10947
2024-09-23,2024-09-27,Friday,2,1056SW,Apostolic Leader Eric Hurd - Mind Wars (OmegaManRadio with Shannon Davis 09/13/24-1),,2024/09/23 - 2024/09/27,10948
2024-09-23,2024-09-27,Friday,filler,1056Sun,Attorney Stephen Pidgeon - The Common Man & Todays Insanity (OmegaManRadio with Shannon Davis 09/13/24-2)   1:19:57,,2024/09/23 - 2024/09/27,10949
2024-09-30,2024-10-04,Monday,1,1057R1,We Must Trust the Lord - And Be Patient Part 1  09/07/2024,2024-09-07,2024/09/30 - 2024/10/04,10952
2024-09-30,2024-10-04,Tuesday,1,1057R2,We Must Trust the Lord - And Be Patient Part 2  09/07/2024,2024-09-07,2024/09/30 - 2024/10/04,10956
2024-09-30,2024-10-04,Wednesday,1,1057R3,Rev. Marya Moore - The River of God in You  09/21/24,2024-09-21,2024/09/30 - 2024/10/04,10960
2024-09-30,2024-10-04,Thursday,1,1057R4,The Crisis of November 2024  09/21/24,2024-09-21,2024/09/30 - 2024/10/04,10964
2024-09-30,2024-10-04,Friday,1,1057R5,"Michael Lotem, Israel Ambassador to Kenya, at the Israel Embassy in Nairobi, Kenya 01/25/2024  1024R3, 1032R1, 1033R5, 1040R5, 1045R4, 1046R2, 1046R5, 1047R5, 1048R4, 1049R2, 1050R5, 1051R1, 1052R4, 1053R2, 1054R5",,2024/09/30 - 2024/10/04,10968
2024-09-30,2024-10-04,Friday,2,1057SW,"Apostolic Leader Dennis Moore, Rev. Dr. EJ Buckardt - Deadline for America (OmegaManRadio with Shannon Davis 09/20/24)",,2024/09/30 - 2024/10/04,10969
2024-09-30,2024-10-04,Friday,filler,1057Sun,Prosper Ndabishuriye - Big Vision Requires a Big Dream / Dr. Hansen - America's History relating to 9/11 & Israel's History in Judgment  1:07:49   06/02/2012,2012-06-02,2024/09/30 - 2024/10/04,10970
2024-10-07,2024-10-11,Monday,1,1058R1,"I Am Nobody (I Am Nameless, I Am Faceless)  09/28/24",2024-09-28,2024/10/07 - 2024/10/11,10973
2024-10-07,2024-10-11,Tuesday,1,1058R2,Rev. Dr. EJ Buckardt - Being Led by The Holy Spirit (OmegaManRadio with Shannon Davis 09/26/24) Part 1,,2024/10/07 - 2024/10/11,10977
2024-10-07,2024-10-11,Wednesday,1,1058R3,Rev. Dr. EJ Buckardt - Being Led by The Holy Spirit (OmegaManRadio with Shannon Davis 09/26/24) Part 2,,2024/10/07 - 2024/10/11,10981
2024-10-07,2024-10-11,Thursday,1,1058R4,"Freedom Is At Stake - Global Church, Puyallup, WA 8/25/24 for Apostle Joceley Silveira Part 1  08/25/2024",2024-08-25,2024/10/07 - 2024/10/11,10985
2024-10-07,2024-10-11,Friday,1,1058R5,"Freedom Is At Stake - Global Church, Puyallup, WA 8/25/24 for Apostle Joceley Silveira Part 2  08/25/2024",2024-08-25,2024/10/07 - 2024/10/11,10989
2024-10-07,2024-10-11,Friday,2,1058SW,Rev. Dr. EJ Buckardt - Being Led by The Holy Spirit (OmegaManRadio with Shannon Davis 09/26/24),,2024/10/07 - 2024/10/11,10990
2024-10-07,2024-10-11,Friday,filler,1058Sun,"Freedom Is At Stake - Global Church, Puyallup, WA 8/25/24 for Apostle Joceley Silveira  57:10  08/25/2024",2024-08-25,2024/10/07 - 2024/10/11,10991
2024-10-14,2024-10-18,Monday,1,1059R1,Darkness and a New Day of Hope!  10/05/2024,2024-10-05,2024/10/14 - 2024/10/18,10994
2024-10-14,2024-10-18,Tuesday,1,1059R2,Rev. Dr. EJ Buckardt - Presidential Election Crisis 2024  10/08/2024,2024-10-08,2024/10/14 - 2024/10/18,10998
2024-10-14,2024-10-18,Wednesday,1,1059R3,Part 1 Prosper Ndabishuriye - Big Vision Requires a Big Dream / Dr. Hansen - America's History relating to 9/11 & Israel's History in Judgment    06/02/2012,2012-06-02,2024/10/14 - 2024/10/18,11002
2024-10-14,2024-10-18,Thursday,1,1059R4,Part 2 Prosper Ndabishuriye - Big Vision Requires a Big Dream / Dr. Hansen - America's History relating to 9/11 & Israel's History in Judgment    06/02/2012,2012-06-02,2024/10/14 - 2024/10/18,11006
2024-10-14,2024-10-18,Friday,1,1059R5,Part 3 Prosper Ndabishuriye - Big Vision Requires a Big Dream / Dr. Hansen - America's History relating to 9/11 & Israel's History in Judgment    06/02/2012,2012-06-02,2024/10/14 - 2024/10/18,11010
2024-10-14,2024-10-18,Friday,2,1059SW,"We Must Trust the Lord - And Be Patient 1057R1&R2 / I Am Nobody (I Am Nameless, I Am Faceless) 1058R1 (OmegaManRadio with Shannon Davis 10/04/24)",,2024/10/14 - 2024/10/18,11011
2024-10-14,2024-10-18,Friday,filler,1059Sun,Apostolic Leader Dennis Moore - Orphan Spirit & God's Perspective (Vision International Support Ministries)  08/17/2013  53:00,,2024/10/14 - 2024/10/18,11012
2024-10-21,2024-10-25,Monday,1,1060R1,We Are Born into Warfare  10/12/2024,2024-10-12,2024/10/21 - 2024/10/25,11015
2024-10-21,2024-10-25,Tuesday,1,1060R2,Minister Fred Christian - The Spirit of Hawaii  10/14/2024,2024-10-14,2024/10/21 - 2024/10/25,11019
2024-10-21,2024-10-25,Wednesday,1,1060R3,"Rev. Jesse Lee Peterson - God, Let Me See Myself Part 1 10/19/2013 (Founder/President of BOND, Brotherhood Organization Of A New Destiny)",,2024/10/21 - 2024/10/25,11023
2024-10-21,2024-10-25,Thursday,1,1060R4,"Rev. Jesse Lee Peterson - God, Let Me See Myself Part 2 10/19/2013 (Founder/President of BOND, Brotherhood Organization Of A New Destiny)",,2024/10/21 - 2024/10/25,11027
2024-10-21,2024-10-25,Friday,1,1060R5,"Michael Lotem, Israel Ambassador to Kenya, at the Israel Embassy in Nairobi, Kenya 01/25/2024  1024R3, 1032R1, 1033R5, 1040R5, 1045R4, 1046R2, 1046R5, 1047R5, 1048R4, 1049R2, 1050R5, 1051R1, 1052R4, 1053R2, 1054R5, 1057R5",,2024/10/21 - 2024/10/25,11031
2024-10-21,2024-10-25,Friday,2,1060SW,Rev. Dr. EJ Buckardt - Presidential Election Crisis 2024 1059R2 / Darkness and a New Day of Hope! 1059R1 (OmegaManRadio with Shannon Davis 10/11/24),,2024/10/21 - 2024/10/25,11032
2024-10-21,2024-10-25,Friday,filler,1060Sun,"Rev. Jesse Lee Peterson - God, Let Me See Myself 10/19/2013 (Founder/President of BOND, Brotherhood Organization Of A New Destiny)  51:50",,2024/10/21 - 2024/10/25,11033
2024-10-28,2024-11-01,Monday,1,1061R1,Rev. Adalia Hansen - The Heart Posture Part 1   10/19/2024,2024-10-19,2024/10/28 - 2024/11/01,11036
2024-10-28,2024-11-01,Tuesday,1,1061R2,Rev. Adalia Hansen - The Heart Posture Part 2   10/19/2024,2024-10-19,2024/10/28 - 2024/11/01,11040
2024-10-28,2024-11-01,Wednesday,1,1061R3,Apostolic Leader Eric Hurd - Quantum Life Part 1  10/15/2024,2024-10-15,2024/10/28 - 2024/11/01,11044
2024-10-28,2024-11-01,Thursday,1,1061R4,Apostolic Leader Eric Hurd - Quantum Life Part 2  10/15/2024,2024-10-15,2024/10/28 - 2024/11/01,11048
2024-10-28,2024-11-01,Friday,1,1061R5,Apostolic Leader Eric Hurd - Quantum Life Part 3  10/18/2024,2024-10-18,2024/10/28 - 2024/11/01,11052
2024-10-28,2024-11-01,Friday,2,1061SW,Minister Fred Christian - The Spirit of Hawaii 1060R2 / We Are Born into Warfare 1060R1  (OmegaManRadio with Shannon Davis 10/17/24),,2024/10/28 - 2024/11/01,11053
2024-10-28,2024-11-01,Friday,filler,1061Sun,Rev. Adalia Hansen - The Heart Posture   10/19/2024  51:18,,2024/10/28 - 2024/11/01,11054
2024-11-04,2024-11-08,Monday,1,1062R1,Apostolic Leader Eric Hurd - Quantum Life Part 4  10/18/2024,2024-10-18,2024/11/04 - 2024/11/08,11057
2024-11-04,2024-11-08,Tuesday,1,1062R2,"Apostolic Leader Leo Bogee - America, The Church in Heresy  10/24/2024",2024-10-24,2024/11/04 - 2024/11/08,11061
2024-11-04,2024-11-08,Wednesday,1,1062R3,Apostolic Leader Eric Hurd - How to Please God Part 1  10/24/2024,2024-10-24,2024/11/04 - 2024/11/08,11065
2024-11-04,2024-11-08,Thursday,1,1062R4,"American Prophecies - November 1, 2024  10/26/24",2024-10-26,2024/11/04 - 2024/11/08,11069
2024-11-04,2024-11-08,Friday,1,1062R5,"Michael Lotem, Israel Ambassador to Kenya, at the Israel Embassy in Nairobi, Kenya 01/25/2024  1024R3, 1032R1, 1033R5, 1040R5, 1045R4, 1046R2, 1046R5, 1047R5, 1048R4, 1049R2, 1050R5, 1051R1, 1052R4, 1053R2, 1054R5, 1057R5, 1060R5",,2024/11/04 - 2024/11/08,11073
2024-11-04,2024-11-08,Friday,2,1062SW,Rev. Adalia Hansen - The Heart Posture  (OmegaManRadio with Shannon Davis 10/25/24),,2024/11/04 - 2024/11/08,11074
2024-11-04,2024-11-08,Friday,filler,1062Sun,Dr. Flo Ellers - The River of God  1/10/2014  1:16:51,,2024/11/04 - 2024/11/08,11075
2024-11-11,2024-11-15,Monday,1,1063R1,Rev. Dr. EJ Buckardt - Inventions and the Heart  11/02/2024,2024-11-02,2024/11/11 - 2024/11/15,11078
2024-11-11,2024-11-15,Tuesday,1,1063R2,Apostolic Leader Eric Hurd - How to Please God Part 2  10/28/2024,2024-10-28,2024/11/11 - 2024/11/15,11082
2024-11-11,2024-11-15,Wednesday,1,1063R3,Tracy Abuhl - An Election Observer Removed 10/29/2024,2024-10-29,2024/11/11 - 2024/11/15,11086
2024-11-11,2024-11-15,Thursday,1,1063R4,Apostolic Leader Leo Bogee - Crisis 2024 Part 1  10/28/2024,2024-10-28,2024/11/11 - 2024/11/15,11090
2024-11-11,2024-11-15,Friday,1,1063R5,Apostolic Leader Leo Bogee - Crisis 2024 Part 2  10/28/2024,2024-10-28,2024/11/11 - 2024/11/15,11094
2024-11-11,2024-11-15,Friday,2,1063SW,"Tracy Abuhl - An Election Observer Removed 1063R3 / American Prophecies - November 1, 2024 1062R4 (OmegaManRadio with Shannon Davis 11/06/24)",,2024/11/11 - 2024/11/15,11095
2024-11-11,2024-11-15,Friday,filler,1063Sun,Dr. Michael Hyodo - The Calling to be a Porter  02/22/2014  46:30,,2024/11/11 - 2024/11/15,11096
2024-11-18,2024-11-22,Monday,1,1064R1,Apostolic Leader Leo Bogee - Crisis 2024 Part 3  10/29/2024,2024-10-29,2024/11/18 - 2024/11/22,11099
2024-11-18,2024-11-22,Tuesday,1,1064R2,Apostolic Leader Leo Bogee - Crisis 2024 Part 4  10/29/2024,2024-10-29,2024/11/18 - 2024/11/22,11103
2024-11-18,2024-11-22,Wednesday,1,1064R3,Apostolic Leader Eric Hurd - Prophecies for America Part 1  10/28/2024,2024-10-28,2024/11/18 - 2024/11/22,11107
2024-11-18,2024-11-22,Thursday,1,1064R4,Apostolic Leader Eric Hurd - Prophecies for America Part 2  10/29/2024,2024-10-29,2024/11/18 - 2024/11/22,11111
2024-11-18,2024-11-22,Friday,1,1064R5,Apostolic Leader Eric Hurd - Prophecies for America Part 3  10/29/2024,2024-10-29,2024/11/18 - 2024/11/22,11115
2024-11-18,2024-11-22,Friday,2,1064SW,Apostolic Leader Leo Bogee - Crisis 2024 Part 1 1063R4 / Apostolic Leader Leo Bogee - Crisis 2024 Part 2 1063R5 (OmegaManRadio with Shannon Davis 11/13/24),,2024/11/18 - 2024/11/22,11116
2024-11-18,2024-11-22,Friday,filler,1064Sun,"WA St. Rep. Matt Shea - James 4:17, Do the Right Thing; Dr. Hansen - Nahum Chapter 1, The Burden of Nineveh  01/25/2014  40:35",,2024/11/18 - 2024/11/22,11117
2024-11-25,2024-11-29,Monday,1,1065R1,Rev. Dr. EJ Buckardt - America's Future is at Stake Part 1  11/09/2024,2024-11-09,2024/11/25 - 2024/11/29,11120
2024-11-25,2024-11-29,Tuesday,1,1065R2,Rev. Dr. EJ Buckardt - America's Future is at Stake Part 2  11/09/2024,2024-11-09,2024/11/25 - 2024/11/29,11124
2024-11-25,2024-11-29,Wednesday,1,1065R3,Minister Fred Christian - The Word vs. Our Flesh  10/28/2024 - 1,,2024/11/25 - 2024/11/29,11128
2024-11-25,2024-11-29,Thursday,1,1065R4,Minister Fred Christian - The Science of Judgment  10/28/2024 - 2,,2024/11/25 - 2024/11/29,11132
2024-11-25,2024-11-29,Friday,1,1065R5,"Michael Lotem, Israel Ambassador to Kenya, at the Israel Embassy in Nairobi, Kenya 01/25/2024  1024R3, 1032R1, 1033R5, 1040R5, 1045R4, 1046R2, 1046R5, 1047R5, 1048R4, 1049R2, 1050R5, 1051R1, 1052R4, 1053R2, 1054R5, 1057R5, 1060R5, 1062R5",,2024/11/25 - 2024/11/29,11136
2024-11-25,2024-11-29,Friday,2,1065SW,Apostolic Leader Eric Hurd - Prophecies for America Parts 1-2 1064R4 1064R5 (OmegaManRadio with Shannon Davis 11/20/24),,2024/11/25 - 2024/11/29,11137
2024-11-25,2024-11-29,Friday,filler,1065Sun,Rev. Dr. EJ Buckardt - America's Future is at Stake  11/09/2024,2024-11-09,2024/11/25 - 2024/11/29,11138
2024-12-02,2024-12-06,Monday,1,1066R1,Rev. Dr. EJ Buckardt - The Ordination of Man to Serve the Lord  11/16/2024,2024-11-16,2024/12/02 - 2024/12/06,11141
2024-12-02,2024-12-06,Tuesday,1,1066R2,Dr. Michael Hyodo - Encouregent Amidst Discouragment  11/23/2024,2024-11-23,2024/12/02 - 2024/12/06,11145
2024-12-02,2024-12-06,Wednesday,1,1066R3,"Michael Lotem, Israel Ambassador to Kenya, at the Israel Embassy in Nairobi, Kenya 01/25/2024  1024R3, 1032R1, 1033R5, 1040R5, 1045R4, 1046R2, 1046R5, 1047R5, 1048R4, 1049R2, 1050R5, 1051R1, 1052R4, 1053R2, 1054R5, 1057R5, 1060R5, 1062R5, 1065R5",,2024/12/02 - 2024/12/06,11149
2024-12-02,2024-12-06,Thursday,1,1066R4,"Current Crisis in America - Holy Hill of Zion Thy Dwelling Place, Waianae, HI 11/03/2024",2024-11-03,2024/12/02 - 2024/12/06,11153
2024-12-02,2024-12-06,Friday,1,1066R5,"The Church's Responsibility through the Power of God - Naalehu Assembly of God - Naalehu, HI 11/17/2024",2024-11-17,2024/12/02 - 2024/12/06,11157
2024-12-02,2024-12-06,Friday,2,1066SW,Minister Fred Christian - The Word vs. Our Flesh 1065R3 / Minister Fred Christian - The Science of Judgment 1065R4 (OmegaManRadio with Shannon Davis 11/27/24),,2024/12/02 - 2024/12/06,11158
2024-12-02,2024-12-06,Friday,filler,1066Sun,Revs. Todd & Gwen Ehrenborg - Their God Stories  06/21/2014  1:03:06,,2024/12/02 - 2024/12/06,11159
2024-12-09,2024-12-13,Monday,1,1067R1,Spiritual Warfare & Don't Look Back  11/30/2024,2024-11-30,2024/12/09 - 2024/12/13,11162
2024-12-09,2024-12-13,Tuesday,1,1067R2,Minister Fred Christian - Power Corrupts  12/04/2024,2024-12-04,2024/12/09 - 2024/12/13,11166
2024-12-09,2024-12-13,Wednesday,1,1067R3,"America in Crisis - Waianae Assembly of God, for Pastor Abigail Eli-Arthur Part 1 11/03/2024",2024-11-03,2024/12/09 - 2024/12/13,11170
2024-12-09,2024-12-13,Thursday,1,1067R4,"America in Crisis - Waianae Assembly of God, for Pastor Abigail Eli-Arthur Part 2 11/03/2024",2024-11-03,2024/12/09 - 2024/12/13,11174
2024-12-09,2024-12-13,Friday,1,1067R5,"America in Crisis - Waianae Assembly of God, for Pastor Abigail Eli-Arthur Part 3 11/03/2024",2024-11-03,2024/12/09 - 2024/12/13,11178
2024-12-09,2024-12-13,Friday,2,1067SW,Dr. Michael Hyodo -Encouragement Amidst Discouragement  1066R2 / Spiritual Warfare & Don't Look Back  1067R1 (OmegaManRadio with Shannon Davis 12/04/24),,2024/12/09 - 2024/12/13,11179
2024-12-09,2024-12-13,Friday,filler,1067Sun,"Spiritual Sonship 06/14/2014  1:18:58  [Ps. Angel Suarez (Testimony of meeting Dr. Hansen, ministry - The Mighty Men of Valour), Dr. Michael Hyodo (Kenya Report, Family Update, WA Dental Conf., Seattle Seahawk quarterback Russell Wilson testimony), Ps. Tobias Nyamwaya (We must preach demonstrating the Power of God) & Dr. Hansen (#1 - Spiritual Fathering & Transitions) (#2 - How to Receive a Fathers Mantle) - Certificate of Spiritual Sonship given to Pastor Angel Suarez]",,2024/12/09 - 2024/12/13,11180
2024-12-16,2024-12-20,Monday,1,1068R1,Ways to Protect Yourself - Spiritual Warfare & Don't Look Back Part 2,,2024/12/16 - 2024/12/20,11183
2024-12-16,2024-12-20,Tuesday,1,1068R2,Minister Fred Christian - Power Corrupts Part 2  12/06/2024,2024-12-06,2024/12/16 - 2024/12/20,11187
2024-12-16,2024-12-20,Wednesday,1,1068R3,Minister Fred Christian - Christians Rise Up Part 1 12/11/2024  TV,,2024/12/16 - 2024/12/20,11191
2024-12-16,2024-12-20,Thursday,1,1068R4,Minister Fred Christian - Christians Rise Up Part 2  12/11/2024  TV,,2024/12/16 - 2024/12/20,11195
2024-12-16,2024-12-20,Friday,1,1068R5,Apostolic Leader Eric Hurd - The Art of Forgiveness  12/11/2024,2024-12-11,2024/12/16 - 2024/12/20,11199
2024-12-16,2024-12-20,Friday,2,1068SW,Minister Fred Christian - Christians Rise Up Parts 1-2  1068R3-R4 (OmegaManRadio with Shannon Davis 12/11/24),,2024/12/16 - 2024/12/20,11200
2024-12-16,2024-12-20,Friday,filler,1068Sun,"Rev. Tobias Nyamwaya - Keep Our Purpose in God (Saul had a selfish, insecure heart), Rev. Daniel Derrick - Treacherous Sister Judah & Dr. Hansen - Blessed/Happy Are They - Men's Bible Study & Prayer 05/08/2014  50:58",,2024/12/16 - 2024/12/20,11201
2024-12-23,2024-12-27,Monday,1,1069R1,Minister Fred Christian - 2024 End Well Campaign  12/16/2024,2024-12-16,2024/12/23 - 2024/12/27,11204
2024-12-23,2024-12-27,Tuesday,1,1069R2,Minister Fred Christian - 2024 End Well Campaign - Eagles Saving Nations  12/18/2024,2024-12-18,2024/12/23 - 2024/12/27,11208
2024-12-23,2024-12-27,Wednesday,1,1069R3,Matching Funds - Minister Fred Christian - Rev. Dr. EJ Buckardt - Dr. Hansen  12/18/2024,2024-12-18,2024/12/23 - 2024/12/27,11212
2024-12-23,2024-12-27,Thursday,1,1069R4,"Minister Fred Christian - Dear Friends, End of the Year Campaign 2024   12/19/2024",2024-12-19,2024/12/23 - 2024/12/27,11216
2024-12-23,2024-12-27,Friday,1,1069R5,Minister Fred Christian - 2024 End Well Campaign  12/16/2024,2024-12-16,2024/12/23 - 2024/12/27,11220
2024-12-23,2024-12-27,Friday,2,1069SW,Are You an Instrument of Death or Life? 1070R4 / Minister Fred Christian - 2024 End Well Campaign 1069R1  (OmegaManRadio with Shannon Davis 12/18/24),,2024/12/23 - 2024/12/27,11221
2024-12-23,2024-12-27,Friday,filler,1069Sun,Peggy Magnuson - Spiritual Warfare  09/06/2014,2014-09-06,2024/12/23 - 2024/12/27,11222
2024-12-30,2024-01-03,Monday,1,1070R1,Minister Fred Christian - 2024 End Well Campaign - Eagles Saving Nations  12/18/2024,2024-12-18,2024/12/30 - 2024/01/03,11225
2024-12-30,2024-01-03,Tuesday,1,1070R2,Matching Funds - Minister Fred Christian - Rev. Dr. EJ Buckardt - Dr. Hansen  12/18/2024,2024-12-18,2024/12/30 - 2024/01/03,11229
2024-12-30,2024-01-03,Wednesday,1,1070R3,Minister Fred Christian - Dr. Hansen Needs Intercessors  12/13/2024,2024-12-13,2024/12/30 - 2024/01/03,11233
2024-12-30,2024-01-03,Thursday,1,1070R4,Are You an Instrument of Death or Life?  12/14/2024,2024-12-14,2024/12/30 - 2024/01/03,11237
2024-12-30,2024-01-03,Friday,1,1070R5,"Apostle T. Garreston Saydee, Liberia - Church Corruption in Liberia  12/17/2024",2024-12-17,2024/12/30 - 2024/01/03,11241
2024-12-30,2024-01-03,Friday,2,1070SW,"Apostolic Leader Eric Hurd - The Art of Forgiveness 1068R5 / Minister Fred Christian - Dr. Hansen Needs Intercessors 1070R3  (Book Promo - ""Why Christians Get Sick"" - $25 donation / ""The Maker's Diet"" - $30 donation / Both books $50 donation)",,2024/12/30 - 2024/01/03,11242
2024-12-30,2024-01-03,Friday,filler,1070Sun,"America in Crisis - Waianae Assembly of God, for Pastor Abigail Eli-Arthur  1067R3-R5 11/03/2024 1:16:13",,2024/12/30 - 2024/01/03,11243
2025-01-06,2025-01-10,Monday,1,1071R1,Pastor Matt Shea - Reasons for Concern Before Trump Takes Office in 2025  12/17/2024,2024-12-17,2025/01/06 - 2025/01/10,11246
2025-01-06,2025-01-10,Tuesday,1,1071R2,Apostolic Leader Eric Hurd - Trauma is Drama Part 1   12/17/2024,2024-12-17,2025/01/06 - 2025/01/10,11250
2025-01-06,2025-01-10,Wednesday,1,1071R3,Apostolic Leader Eric Hurd - Trauma is Drama Part 2   12/18/2024,2024-12-18,2025/01/06 - 2025/01/10,11254
2025-01-06,2025-01-10,Thursday,1,1071R4,Steve Smith - Personal Testimony   12/19/2024,2024-12-19,2025/01/06 - 2025/01/10,11258
2025-01-06,2025-01-10,Friday,1,1071R5,Trump - Prophetically it is Not Over  12/21/2024,2024-12-21,2025/01/06 - 2025/01/10,11262
2025-01-06,2025-01-10,Friday,2,1071SW,Pastor Matt Shea - Reasons for Concern Before Trump Takes Office in 2025 1071R1 / Steve Smith - Personal Testimony 1071R4,,2025/01/06 - 2025/01/10,11263
2025-01-06,2025-01-10,Friday,filler,1071Sun,Rev. Dr. EJ Buckardt - The Father's Love  09/27/2014  53:45,,2025/01/06 - 2025/01/10,11264
2025-01-13,2025-01-17,Monday,1,1072R1,Who are the Greatest in the Kingdom of God?  12/28/2024,2024-12-28,2025/01/13 - 2025/01/17,11267
2025-01-13,2025-01-17,Tuesday,1,1072R2,Hanukkah 2024  01/01/2025,2025-01-01,2025/01/13 - 2025/01/17,11271
2025-01-13,2025-01-17,Wednesday,1,1072R3,Arise and Shine for Thy Light has Come  01/04/2025,2025-01-04,2025/01/13 - 2025/01/17,11275
2025-01-13,2025-01-17,Thursday,1,1072R4,The Science of Judgment Part 1  01/03/2025,2025-01-03,2025/01/13 - 2025/01/17,11279
2025-01-13,2025-01-17,Friday,1,1072R5,The Science of Judgment Part 2  01/08/2025,2025-01-08,2025/01/13 - 2025/01/17,11283
2025-01-13,2025-01-17,Friday,2,1072SW,Trump - Prophetically it is Not Over 1071R5 / Arise and Shine for Thy Light has Come 1072R3 (OmegaManRadio with Shannon Davis 01/08/25),,2025/01/13 - 2025/01/17,11284
2025-01-13,2025-01-17,Friday,filler,1072Sun,Peggy Magnuson - Serving the Kingdom  10/03/2014  50:04,,2025/01/13 - 2025/01/17,11285
2025-01-20,2025-01-24,Monday,1,1073R1,God is Able  01/11/2025,2025-01-11,2025/01/20 - 2025/01/24,11288
2025-01-20,2025-01-24,Tuesday,1,1073R2,"2025 - A Very Prophetic Year - Breaking the Barriers Prophetic Conference 2025, Out of the Valley Church with Apostle Ken Flynn in Everett, WA Part 1  01/11/2025",2025-01-11,2025/01/20 - 2025/01/24,11292
2025-01-20,2025-01-24,Wednesday,1,1073R3,"2025 - A Very Prophetic Year - Breaking the Barriers Prophetic Conference 2025, Out of the Valley Church with Apostle Ken Flynn in Everett, WA Part 2  01/11/2025",2025-01-11,2025/01/20 - 2025/01/24,11296
2025-01-20,2025-01-24,Thursday,1,1073R4,"2025 - A Very Prophetic Year - Breaking the Barriers Prophetic Conference 2025, Out of the Valley Church with Apostle Ken Flynn in Everett, WA Part 3  01/11/2025",2025-01-11,2025/01/20 - 2025/01/24,11300
2025-01-20,2025-01-24,Friday,1,1073R5,"Eric England, Sales/Marketing - Mission Coordinator, Smokey Mountain Coffee  01/13/2025",2025-01-13,2025/01/20 - 2025/01/24,11304
2025-01-20,2025-01-24,Friday,2,1073SW,Apostolic Leader Eric Hurd - Trauma is Drama Part 1 1071R2 / Who are the Greatest in the Kingdom of God? 1072R1,,2025/01/20 - 2025/01/24,11305
2025-01-20,2025-01-24,Friday,filler,1073Sun,"2025 - A Very Prophetic Year - Breaking the Barriers Prophetic Conference 2025, Out of the Valley Church with Apostle Ken Flynn in Everett, WA  01/11/2025",2025-01-11,2025/01/20 - 2025/01/24,11306
2025-01-27,2025-01-31,Monday,1,1074R1,God Blows Out the Threat  01/18/2025,2025-01-18,2025/01/27 - 2025/01/31,11309
2025-01-27,2025-01-31,Tuesday,1,1074R2,"Rev. Gary Cristofaro, Vice President, Ezra International  01/13/2025",2025-01-13,2025/01/27 - 2025/01/31,11313
2025-01-27,2025-01-31,Wednesday,1,1074R3,Roy Kendall - God Wants Us to Do the Impossible  01/13/2025 (YouTube: Roy Kendall - The Piano),,2025/01/27 - 2025/01/31,11317
2025-01-27,2025-01-31,Thursday,1,1074R4,"Rosemarie Fenchel, Babies Survive Abortion  01/13/2025",2025-01-13,2025/01/27 - 2025/01/31,11321
2025-01-27,2025-01-31,Friday,1,1074R5,"Jan-Aage Torp, President, European Apostolic Leaders, Norway  01/13/2025",2025-01-13,2025/01/27 - 2025/01/31,11325
2025-01-27,2025-01-31,Friday,2,1074SW,"Apostolic Leader Eric Hurd - Trauma is Drama Parts 1-2 1071R2-1071R3 / Roy Kendall sings: Lord I Give You My Heart (This Is My Desire) / Have Thine Own Way, Lord / Amazing Grace (Instrumental with Roy's dad on piano, remix with nephew on sax)",,2025/01/27 - 2025/01/31,11326
2025-01-27,2025-01-31,Friday,filler,1074Sun,Dr. EJ Buckardt - We Have to be Totally Sold Out 10/11/2014  40:32,,2025/01/27 - 2025/01/31,11327
2025-02-03,2025-02-07,Monday,1,1075R1,God Warns & Tests Our Prayers  01/25/2025,2025-01-25,2025/02/03 - 2025/02/07,11330
2025-02-03,2025-02-07,Tuesday,1,1075R2,"Thomas Moltu, Vice Chair, Christian Conservative Party, Norway  01/13/2025",2025-01-13,2025/02/03 - 2025/02/07,11334
2025-02-03,2025-02-07,Wednesday,1,1075R3,"Dr. Augustine (Augie) David, GLA Connection (Global Leadership Alignment)  01/21/2025",2025-01-21,2025/02/03 - 2025/02/07,11338
2025-02-03,2025-02-07,Thursday,1,1075R4,The Science of Judgment Part 3  01/17/2025,2025-01-17,2025/02/03 - 2025/02/07,11342
2025-02-03,2025-02-07,Friday,1,1075R5,The Science of Judgment Part 4  01/24/2025,2025-01-24,2025/02/03 - 2025/02/07,11346
2025-02-03,2025-02-07,Friday,2,1075SW,"Jan-Aage Torp, President, European Apostolic Leaders, Norway 1074R5 / Thomas Moltu, Vice Chair, Christian Conservative Party, Norway 1075R2 (OmegaManRadio with Shannon Davis 01/29/25)",,2025/02/03 - 2025/02/07,11347
2025-02-03,2025-02-07,Friday,filler,1075Sun,Spiritual Fathering & Transitions  12/13/2014  48:45,,2025/02/03 - 2025/02/07,11348
2025-02-10,2025-02-14,Monday,1,1076R1,The Science of Judgment Part 5  01/31/2025,2025-01-31,2025/02/10 - 2025/02/14,11351
2025-02-10,2025-02-14,Tuesday,1,1076R2,The Fight to the Death  02/01/2025,2025-02-01,2025/02/10 - 2025/02/14,11355
2025-02-10,2025-02-14,Wednesday,1,1076R3,"Drs. Drake & Serena Travis, Drake Travis Global Ministries  01/31/2025",2025-01-31,2025/02/10 - 2025/02/14,11359
2025-02-10,2025-02-14,Thursday,1,1076R4,Minister Fred Christian - President Trump's Policies & Strategies  02/05/2025,2025-02-05,2025/02/10 - 2025/02/14,11363
2025-02-10,2025-02-14,Friday,1,1076R5,"Rev. Anthony Githui, Missionary from Kenya - No Tribalism  02/06/2025",2025-02-06,2025/02/10 - 2025/02/14,11367
2025-02-10,2025-02-14,Friday,2,1076SW,God is Able 1073R1 / God Blows Out the Threat 1074R1 (OmegaManRadio with Shannon Davis 02/05/25),,2025/02/10 - 2025/02/14,11368
2025-02-10,2025-02-14,Friday,filler,1076Sun,"Evangelist Deborah Gliebe, Firegate Ministries - Prepare for the Ephod Anointing 12/13/2014  1:19:53",,2025/02/10 - 2025/02/14,11369
2025-02-17,2025-02-21,Monday,1,1077R1,The Science of Judgment Part 6  02/07/2025,2025-02-07,2025/02/17 - 2025/02/21,11372
2025-02-17,2025-02-21,Tuesday,1,1077R2,Be Patient & Don't Give Up  02/08/2025,2025-02-08,2025/02/17 - 2025/02/21,11376
2025-02-17,2025-02-21,Wednesday,1,1077R3,"Michael Lotem, Israel Ambassador to Kenya, at the Israel Embassy in Nairobi, Kenya 01/25/2024  1024R3, 1032R1, 1033R5, 1040R5, 1045R4, 1046R2, 1046R5, 1047R5, 1048R4, 1049R2, 1050R5, 1051R1, 1052R4, 1053R2, 1054R5, 1057R5, 1060R5, 1062R5, 1065R5, 1066R3",,2025/02/17 - 2025/02/21,11380
2025-02-17,2025-02-21,Thursday,1,1077R4,"Without the Baptism, Power of the Holy Spirit, America & the Nations will Fall (Dr. Emmanuel Ziga's 2025 Holy Ghost Conference)  02/08/2024",2024-02-08,2025/02/17 - 2025/02/21,11384
2025-02-17,2025-02-21,Friday,1,1077R5,Minister Fred Christian - President Trump's Policies & Strategies Part 2  02/10/2025,2025-02-10,2025/02/17 - 2025/02/21,11388
2025-02-17,2025-02-21,Friday,2,1077SW,California Fires - Corruption - Sin (LIVE) - Dr. EJ Buckardt & Minister Fred Christian (OmegaManRadio with Shannon Davis 02/12/25),,2025/02/17 - 2025/02/21,11389
2025-02-17,2025-02-21,Friday,filler,1077Sun,Dr. Tina Hay - It's Time to Walk in Transformation Without Excuse (Dr. Emmanuel Ziga's 2025 Holy Ghost Conference)   02/08/2024  34:25,,2025/02/17 - 2025/02/21,11390
2025-02-24,2025-02-28,Monday,1,1078R1,Apostolic Leader Eric Hurd - The Foot of Pride   02/10/2025,2025-02-10,2025/02/24 - 2025/02/28,11393
2025-02-24,2025-02-28,Tuesday,1,1078R2,"Apostolic Leader Eric Hurd - Without Holy Spirit, the Nations will Fall   02/10/2025",2025-02-10,2025/02/24 - 2025/02/28,11397
2025-02-24,2025-02-28,Wednesday,1,1078R3,Missionary Dr. Bree Keyton - Pygmies  02/11/2025,2025-02-11,2025/02/24 - 2025/02/28,11401
2025-02-24,2025-02-28,Thursday,1,1078R4,Pastor Matt Shea - Status of America  02/11/2025,2025-02-11,2025/02/24 - 2025/02/28,11405
2025-02-24,2025-02-28,Friday,1,1078R5,The Science of Judgment Part 7  02/14/2025,2025-02-14,2025/02/24 - 2025/02/28,11409
2025-02-24,2025-02-28,Friday,2,1078SW,"Apostle Williams Thumba, Malawi - Rebuilding the Broken Walls in Life  02/08/2025",2025-02-08,2025/02/24 - 2025/02/28,11410
2025-02-24,2025-02-28,Friday,filler,1078Sun,Rev. Linda Liberty - Testimony of Being Healed of an Orphan Spirit 12/20/2014  1:30:35 mp3,,2025/02/24 - 2025/02/28,11411
2025-03-03,2025-03-07,Monday,1,1079R1,Shannon Davis - The Science of Judgment  02/11/2025,2025-02-11,2025/03/03 - 2025/03/07,11414
2025-03-03,2025-03-07,Tuesday,1,1079R2,Shannon Davis - The Baptism of the Holy Spirit  02/11/2025,2025-02-11,2025/03/03 - 2025/03/07,11418
2025-03-03,2025-03-07,Wednesday,1,1079R3,Part 1 California Fires - Corruption - Sin (LIVE) - Dr. EJ Buckardt & Minister Fred Christian (OmegaManRadio with Shannon Davis 02/12/25)  02/12/2025,2025-02-12,2025/03/03 - 2025/03/07,11422
2025-03-03,2025-03-07,Thursday,1,1079R4,Part 2 California Fires - Corruption - Sin (LIVE) - Dr. EJ Buckardt & Minister Fred Christian (OmegaManRadio with Shannon Davis 02/12/25)  02/12/2025,2025-02-12,2025/03/03 - 2025/03/07,11426
2025-03-03,2025-03-07,Friday,1,1079R5,Part 3 California Fires - Corruption - Sin (LIVE) - Dr. EJ Buckardt & Minister Fred Christian (OmegaManRadio with Shannon Davis 02/12/25)  02/12/2025,2025-02-12,2025/03/03 - 2025/03/07,11430
2025-03-03,2025-03-07,Friday,2,1079SW,"Apostolic Leader Eric Hurd - The Foot of Pride 1078R1 / Apostolic Leader Eric Hurd - Without Holy Spirit, the Nations will Fall 1078R2",,2025/03/03 - 2025/03/07,11431
2025-03-03,2025-03-07,Friday,filler,1079Sun,Drs. Jay and Meridel Rawlings - IsraelVisionTV 07/23/2015  01:17:06,,2025/03/03 - 2025/03/07,11432
2025-03-10,2025-03-14,Monday,1,1080R1,Apostolic Leader Eric Hurd - The Humble of Heart  02/13/2025,2025-02-13,2025/03/10 - 2025/03/14,11435
2025-03-10,2025-03-14,Tuesday,1,1080R2,Minister Fred Christian - This Means War Part 1  02/13/2025,2025-02-13,2025/03/10 - 2025/03/14,11439
2025-03-10,2025-03-14,Wednesday,1,1080R3,Minister Fred Christian - This Means War Part 2  02/13/2025,2025-02-13,2025/03/10 - 2025/03/14,11443
2025-03-10,2025-03-14,Thursday,1,1080R4,Dr. EJ Buckardt & Minister Fred Christian - Protestants & the Pope Part 1  02/13/2025,2025-02-13,2025/03/10 - 2025/03/14,11447
2025-03-10,2025-03-14,Friday,1,1080R5,Dr. EJ Buckardt & Minister Fred Christian - Protestants & the Pope part 2  02/18/2025,2025-02-18,2025/03/10 - 2025/03/14,11451
2025-03-10,2025-03-14,Friday,2,1080SW,Missionary Dr. Bree Keyton – Pygmies 1078R3 / Pastor Matt Shea - Status of America 1078R4,,2025/03/10 - 2025/03/14,11452
2025-03-10,2025-03-14,Friday,filler,1080Sun,"Part 1 PROPHETIC CONFERENCE 08/13/2015, Albuquerque, NM (The Fall of the Republic of the United States of America, Islam & WWIII - Nuclear Bombs Raining on American Cities & the Invasion of Jerusalem)  08/13/2015  01:14:51",,2025/03/10 - 2025/03/14,11453
2025-03-17,2025-03-21,Monday,1,1081R1,Dr. EJ Buckardt & Minister Fred Christian - Protestants & the Pope part 3  02/18/2025,2025-02-18,2025/03/17 - 2025/03/21,11456
2025-03-17,2025-03-21,Tuesday,1,1081R2,Dr. EJ Buckardt - Repent: Why? 02/22/2025,2025-02-22,2025/03/17 - 2025/03/21,11460
2025-03-17,2025-03-21,Wednesday,1,1081R3,Dr. EJ Buckardt - Spiritual Food & Physical Food Part 1 03/01/2025,2025-03-01,2025/03/17 - 2025/03/21,11464
2025-03-17,2025-03-21,Thursday,1,1081R4,Dr. EJ Buckardt - Spiritual Food & Physical Food Part 2 03/08/2025,2025-03-08,2025/03/17 - 2025/03/21,11468
2025-03-17,2025-03-21,Friday,1,1081R5,Dr. EJ Buckardt - Spiritual Food & Physical Food Part 3 03/08/2025,2025-03-08,2025/03/17 - 2025/03/21,11472
2025-03-17,2025-03-21,Friday,2,1081SW,"Christian Foundation Fellowship, Nairobi, Kenya, for Archbishop Harrison Ng’anga, with the former VP the Honorable Stephen Kolonzo Musyoka in attendance 03/09/25 (OmegaManRadio with Shannon Davis 03/12/25)",,2025/03/17 - 2025/03/21,11473
2025-03-17,2025-03-21,Friday,filler,1081Sun,"Part 2 PROPHETIC CONFERENCE 08/13/2015, Albuquerque, NM (The Fall of the Republic of the United States of America, Islam & WWIII - Nuclear Bombs Raining on American Cities & the Invasion of Jerusalem) 08/13/2015  01:15:17",,2025/03/17 - 2025/03/21,11474
2025-03-24,2025-03-28,Monday,1,1082R1,"Michael Lotem, Israel Ambassador to Kenya, at the Israel Embassy in Nairobi, Kenya 02/27/2025",2025-02-27,2025/03/24 - 2025/03/28,11477
2025-03-24,2025-03-28,Tuesday,1,1082R2,"Apostle Williams Thumba, Malawi - Rebuilding the Broken Walls in Life Part 1 02/08/2025",2025-02-08,2025/03/24 - 2025/03/28,11481
2025-03-24,2025-03-28,Wednesday,1,1082R3,"Apostle Williams Thumba, Malawi - Rebuilding the Broken Walls in Life Part 2 02/08/2025",2025-02-08,2025/03/24 - 2025/03/28,11485
2025-03-24,2025-03-28,Thursday,1,1082R4,"Part 1 The Need for a National Repentance - Christian Foundation Fellowship, Nairobi, Kenya, for Archbishop Harrison Ng’anga, with the former VP the Honorable Stephen Kolonzo Musyoka in attendance 03/09/25",2025-03-09,2025/03/24 - 2025/03/28,11489
2025-03-24,2025-03-28,Friday,1,1082R5,"Part 2 The Need for a National Repentance - Christian Foundation Fellowship, Nairobi, Kenya, for Archbishop Harrison Ng’anga, with the former VP the Honorable Stephen Kolonzo Musyoka in attendance 03/09/25",2025-03-09,2025/03/24 - 2025/03/28,11493
2025-03-24,2025-03-28,Friday,2,1082SW,"Arise and Shine for Thy Light has Come 1072R3 / Michael Lotem, Israel Ambassador to Kenya, at the Israel Embassy in Nairobi, Kenya 02/27/2025 1082R1 (OmegaManRadio with Shannon Davis 03/19/25)",,2025/03/24 - 2025/03/28,11494
2025-03-24,2025-03-28,Friday,filler,1082Sun,"Apostle Williams Thumba, Malawi - Rebuilding the Broken Walls in Life 02/08/2025  1:00:19",,2025/03/24 - 2025/03/28,11495
2025-03-31,2025-04-04,Monday,1,1083R1,The Science of Judgment Part 8  03/14/2025,2025-03-14,2025/03/31 - 2025/04/04,11498
2025-03-31,2025-04-04,Tuesday,1,1083R2,The Science of Judgment Part 9  03/21/2025,2025-03-21,2025/03/31 - 2025/04/04,11502
2025-03-31,2025-04-04,Wednesday,1,1083R3,Is Your Belief System Bad?  03/22/2025,2025-03-22,2025/03/31 - 2025/04/04,11506
2025-03-31,2025-04-04,Thursday,1,1083R4,Part 1 Loyalty - Kenya Bible College Graduation 02/22/2025,2025-02-22,2025/03/31 - 2025/04/04,11510
2025-03-31,2025-04-04,Friday,1,1083R5,Part 2 Loyalty - Kenya Bible College Graduation 02/22/2025,2025-02-22,2025/03/31 - 2025/04/04,11514
2025-03-31,2025-04-04,Friday,2,1083SW,God Warns & Tests Our Prayers 1075R1 / The Fight to the Death 1076R2,,2025/03/31 - 2025/04/04,11515
2025-03-31,2025-04-04,Friday,filler,1083Sun,Loyalty - Kenya Bible College Graduation 02/22/2025  49:59,,2025/03/31 - 2025/04/04,11516
2026-04-07,2025-04-11,Monday,1,1084R1,"Part 1 The New World Order & Judgment - There is Hope - Deliverance Church Langata, Nairobi, Kenya, for Bishop Geoffrey Njuguna 02/23/2025",2025-02-23,2026/04/07 - 2025/04/11,11519
2026-04-07,2025-04-11,Tuesday,1,1084R2,"Part 2 The New World Order & Judgment - There is Hope - Deliverance Church Langata, Nairobi, Kenya, for Bishop Geoffrey Njuguna 02/23/2025",2025-02-23,2026/04/07 - 2025/04/11,11523
2026-04-07,2025-04-11,Wednesday,1,1084R3,"Part 3 The New World Order & Judgment - There is Hope - Deliverance Church Langata, Nairobi, Kenya, for Bishop Geoffrey Njuguna 02/23/2025",2025-02-23,2026/04/07 - 2025/04/11,11527
2026-04-07,2025-04-11,Thursday,1,1084R4,Covering Part 1 03/29/2025,2025-03-29,2026/04/07 - 2025/04/11,11531
2026-04-07,2025-04-11,Friday,1,1084R5,Covering Part 2 03/29/2025,2025-03-29,2026/04/07 - 2025/04/11,11535
2026-04-07,2025-04-11,Friday,2,1084SW,Dr. EJ Buckardt for Dr. Hansen - Be Patient & Don't Give Up 1077R2 / Is Your Belief System Bad? 1083R3 (OmegaManRadio with Shannon Davis 04/02/25),,2026/04/07 - 2025/04/11,11536
2026-04-07,2025-04-11,Friday,filler,1084Sun,"The New World Order & Judgment - There is Hope - Deliverance Church Langata, Nairobi, Kenya, for Bishop Geoffrey Njuguna 02/23/2025  01:13:58",,2026/04/07 - 2025/04/11,11537
2025-04-14,2025-04-18,Monday,1,1085R1,The Science of Judgment Part 10 03/28/2025,2025-03-28,2025/04/14 - 2025/04/18,11540
2025-04-14,2025-04-18,Tuesday,1,1085R2,"NWO Wants to Control the World - Loyalty - Dr Hansen teaches devotions Kenya Bible School office, Nairobi, Kenya 02/24/25",2025-02-24,2025/04/14 - 2025/04/18,11544
2025-04-14,2025-04-18,Wednesday,1,1085R3,"Part 1 Great Awakening/National Repentance or Judgment - Hope - Majestic City Church, Kenya, hosted by Rev Dan Jr. Kariuki, for Arch Bishop Mark Kariuki 03/02/2025",2025-03-02,2025/04/14 - 2025/04/18,11548
2025-04-14,2025-04-18,Thursday,1,1085R4,"Part 2 Great Awakening/National Repentance or Judgment - Hope - Majestic City Church, Kenya, hosted by Rev Dan Jr. Kariuki, for Arch Bishop Mark Kariuki 03/02/2025",2025-03-02,2025/04/14 - 2025/04/18,11552
2025-04-14,2025-04-18,Friday,1,1085R5,"Part 3 Great Awakening/National Repentance or Judgment - Hope - Majestic City Church, Kenya, hosted by Rev Dan Jr. Kariuki, for Arch Bishop Mark Kariuki 03/02/2025",2025-03-02,2025/04/14 - 2025/04/18,11556
2025-04-14,2025-04-18,Friday,2,1085SW,"NWO Wants to Control thw World - Loyalty - Dr Hansen teaches devotions Kenya Bible School office, Nairobi, Kenya 02/24/25 1085R2 / The Science of Judgment Part 10 1085R1",,2025/04/14 - 2025/04/18,11557
2025-04-14,2025-04-18,Friday,filler,1085Sun,"Dr. EJ Buckardt for Dr. Hansen -  Great Awakening/National Repentance or Judgment - Hope - Majestic City Church, Kenya, hosted by Rev Dan Jr. Kariuki, for Arch Bishop Mark Kariuki 03/02/2025 (OmegaManRadio with Shannon Davis 04/09/25) 1:19:30",,2025/04/14 - 2025/04/18,11558
2025-04-21,2025-04-25,Monday,1,1086R1,Dr. EJ Buckardt - Prepare 04/05/2025,2025-04-05,2025/04/21 - 2025/04/25,11561
2025-04-21,2025-04-25,Tuesday,1,1086R2,The Science of Judgment Part 11 04/11/2025,2025-04-11,2025/04/21 - 2025/04/25,11565
2025-04-21,2025-04-25,Wednesday,1,1086R3,"Part 1 Drs. Jonathan & Adalia Hansen lead intercessory prayer for Norway - Visjonskirken in Drammen, Norway, Sunday Evening 04/06/2025",2025-04-06,2025/04/21 - 2025/04/25,11569
2025-04-21,2025-04-25,Thursday,1,1086R4,"Part 2 Drs. Jonathan & Adalia Hansen lead intercessory prayer for Norway - Visjonskirken in Drammen, Norway, Sunday Evening 04/06/2025",2025-04-06,2025/04/21 - 2025/04/25,11573
2025-04-21,2025-04-25,Friday,1,1086R5,"Albert Veksler - President of the Jerusalem Prayer Breakfast in Oslo, Norway 04/02/2025",2025-04-02,2025/04/21 - 2025/04/25,11577
2025-04-21,2025-04-25,Friday,2,1086SW,"Drs. Jonathan & Adalia Hansen lead intercessory prayer for Norway - Visjonskirken in Drammen, Norway, Sunday Evening 04/06/2025 (OmegaManRadio with Shannon Davis 04/16/25)",,2025/04/21 - 2025/04/25,11578
2025-04-21,2025-04-25,Friday,filler,1086Sun,Dr. EJ Buckardt - Deception 08/22/2015  46:08,,2025/04/21 - 2025/04/25,11579
2025-04-28,2025-05-02,Monday,1,1087R1,The Science of Judgment Part 12  04/18/2025,2025-04-18,2025/04/28 - 2025/05/02,11582
2025-04-28,2025-05-02,Tuesday,1,1087R2,The Passover Feasts / Resurrection Day  04/19/2025,2025-04-19,2025/04/28 - 2025/05/02,11586
2025-04-28,2025-05-02,Wednesday,1,1087R3,"The Consequences for Rejecting Israel - Jerusalem Prayer Breakfast, Oslo, Norway 04/03/2025",2025-04-03,2025/04/28 - 2025/05/02,11590
2025-04-28,2025-05-02,Thursday,1,1087R4,"Erik Selle, Leader of the Norwegian Conservative Party-Partileder Konservative, Oslo, Norway 04/07/2025",2025-04-07,2025/04/28 - 2025/05/02,11594
2025-04-28,2025-05-02,Friday,1,1087R5,"Robert Ilatov, Co-Chairman of Jerusalem Prayer Breakfast and former Knesset Member, Oslo, Norway 04/04/2025",2025-04-04,2025/04/28 - 2025/05/02,11598
2025-04-28,2025-05-02,Friday,2,1087SW,"Jerusalem Prayer Breakfast, Oslo, Norway 04/03/2025 1087R3 / The Passover Feasts/Resurrection Day 1087R2 (OmegaManRadio with Shannon Davis 04/23/25)",,2025/04/28 - 2025/05/02,11599
2025-04-28,2025-05-02,Friday,filler,1087Sun,"Dr. EJ Buckardt - Holy Spirit You're Welcome, Come Holy Spirit, Refining Fire, Spirit of the Living God 08/29/2015  48:05",,2025/04/28 - 2025/05/02,11600
2025-05-05,2025-05-09,Monday,1,1088R1,The Science of Judgment Part 13  04/25/2025,2025-04-25,2025/05/05 - 2025/05/09,11603
2025-05-05,2025-05-09,Tuesday,1,1088R2,The Dualistic Nature of God  04/26/2025,2025-04-26,2025/05/05 - 2025/05/09,11607
2025-05-05,2025-05-09,Wednesday,1,1088R3,"Hananya Naftali, Digital Aid to Israeli Prime Minister, Benjamin Netanyahu, Oslo, Norway 04/04/2025",2025-04-04,2025/05/05 - 2025/05/09,11611
2025-05-05,2025-05-09,Thursday,1,1088R4,"Eliezer Sandberg, former Israeli MK - Selje Udjus and Lilly Kristin Langnes, Head Oslo Christian Democrats - MP Humanshu Gilati, Norwegian Parliament - Parliament Commentary (SHORT clip) Oslo, Norway 04/04/2025",2025-04-04,2025/05/05 - 2025/05/09,11615
2025-05-05,2025-05-09,Friday,1,1088R5,"Haakon Sengsvoll; Norway Administrator of the Jerusalem Prayer Breakfast, also a program host on TV Visjon Norway with The Israel Channel in Oslo, Norway 04/02/2025",2025-04-02,2025/05/05 - 2025/05/09,11619
2025-05-05,2025-05-09,Friday,2,1088SW,The Church's Responsibility Through the Power of God - Naalehu Assembly of God 11/17/2024 (OmegaManRadio with Shannon Davis 04/30/25),,2025/05/05 - 2025/05/09,11620
2025-05-05,2025-05-09,Friday,filler,1088Sun,"The New World Order - Judgment - There is Hope - House of Bread Church for Arch Bishop Mark Kariuki, Nairobi, Kenya 03/02/2025  50:54",,2025/05/05 - 2025/05/09,11621
2025-05-12,2025-05-16,Monday,1,1089R1,The Science of Judgment Part 14  05/02/2025,2025-05-02,2025/05/12 - 2025/05/16,11624
2025-05-12,2025-05-16,Tuesday,1,1089R2,The Church has Divorced Itself from Its Roots  05/03/2025,2025-05-03,2025/05/12 - 2025/05/16,11628
2025-05-12,2025-05-16,Wednesday,1,1089R3,Part 1 The Church's Responsibility Through the Power of God - Naalehu Assembly of God 11/17/2024,2024-11-17,2025/05/12 - 2025/05/16,11632
2025-05-12,2025-05-16,Thursday,1,1089R4,Part 2 The Church's Responsibility Through the Power of God - Naalehu Assembly of God 11/17/2024,2024-11-17,2025/05/12 - 2025/05/16,11636
2025-05-12,2025-05-16,Friday,1,1089R5,"Without the Baptism, Power of the Holy Spirit, America & the Nations will Fall (Dr. Emmanuel Ziga's 2025 Holy Ghost Conference) 02/08/2025  1077R4",,2025/05/12 - 2025/05/16,11640
2025-05-12,2025-05-16,Friday,2,1089SW,The Science of Judgment Part 14 1089R1 / The Church has Divorced Itself from Its Roots 1089R2 (OmegaManRadio with Shannon Davis 07/07/25),,2025/05/12 - 2025/05/16,11641
2025-05-12,2025-05-16,Friday,filler,1089Sun,Dr. EJ Buckardt - How the Mighty Fall 09/05/2015 1:01:05,,2025/05/12 - 2025/05/16,11642
2025-05-19,2025-05-23,Monday,1,1090R1,The Science of Judgment Part 15  05/09/2025,2025-05-09,2025/05/19 - 2025/05/23,11645
2025-05-19,2025-05-23,Tuesday,1,1090R2,Pope - Vatican & Lies  05/10/2025,2025-05-10,2025/05/19 - 2025/05/23,11649
2025-05-19,2025-05-23,Wednesday,1,1090R3,"Michael Lotem, Israel Ambassador to Kenya, at the Israel Embassy in Nairobi, Kenya 01/25/2024  1024R3, 1032R1, 1033R5, 1040R5, 1045R4, 1046R2, 1046R5, 1047R5, 1048R4, 1049R2, 1050R5, 1051R1, 1052R4, 1053R2, 1054R5, 1057R5, 1060R5, 1062R5, 1065R5, 1066R3, 1077R3",,2025/05/19 - 2025/05/23,11653
2025-05-19,2025-05-23,Thursday,1,1090R4,"Michael Lotem, Israel Ambassador to Kenya, at the Israel Embassy in Nairobi, Kenya 02/27/2025  1082R1",,2025/05/19 - 2025/05/23,11657
2025-05-19,2025-05-23,Friday,1,1090R5,"The Consequences for Rejecting Israel - Jerusalem Prayer Breakfast, Oslo, Norway 04/03/2025  1087R3",,2025/05/19 - 2025/05/23,11661
2025-05-19,2025-05-23,Friday,2,1090SW,"Rev. Dr. Adalia Hansen - Motherhood & Spiritual Legacy - Love Fellowship Church International, Renton, WA 05/11/2025",2025-05-11,2025/05/19 - 2025/05/23,11662
2025-05-19,2025-05-23,Friday,filler,1090Sun,Dr. Bree Keyton - Pygmies & Releasing the Glory in the Congo 10/03/2015,2015-10-03,2025/05/19 - 2025/05/23,11663
2025-05-26,2025-05-30,Monday,1,1091R1,The Science of Judgment Part 16  05/16/2025,2025-05-16,2025/05/26 - 2025/05/30,11666
2025-05-26,2025-05-30,Tuesday,1,1091R2,The Vatican & Protestants (The Day of Worship)  05/17/2025,2025-05-17,2025/05/26 - 2025/05/30,11670
2025-05-26,2025-05-30,Wednesday,1,1091R3,Bishop Paye Bagnon - Liberia 05/16/2025,2025-05-16,2025/05/26 - 2025/05/30,11674
2025-05-26,2025-05-30,Thursday,1,1091R4,Minister Fred Christian - Trusting God when You Feel Forgotten 1 05/16/2025,2025-05-16,2025/05/26 - 2025/05/30,11678
2025-05-26,2025-05-30,Friday,1,1091R5,Minister Fred Christian - Dr. EJ Buckardt - Trusting God when You Feel Forgotten 2 05/16/2025,2025-05-16,2025/05/26 - 2025/05/30,11682
2025-05-26,2025-05-30,Friday,2,1091SW,"The Science of Judgment - Without Repentance Norway is Damned - Visjonskirken in Drammen, Norway, Sunday Morning 04/06/2025",2025-04-06,2025/05/26 - 2025/05/30,11683
2025-05-26,2025-05-30,Friday,filler,1091Sun,Podcast Part 1 Dr. EJ Buckardt - Critical Time for the Christian Church in America (We Need to WAKE Up not be Woke Up) 05/25/2025,2025-05-25,2025/05/26 - 2025/05/30,11684
2025-06-02,2025-06-06,Monday,1,1092R1,Radio Part 1 Dr. EJ Buckardt - Critical Time for the Christian Church in America (We Need to WAKE Up not be Woke Up) 05/24/2025,2025-05-24,2025/06/02 - 2025/06/06,11687
2025-06-02,2025-06-06,Tuesday,1,1092R2,Radio Part 2 Dr. EJ Buckardt - Critical Time for the Christian Church in America (We Need to WAKE Up not be Woke Up) 05/24/2025,2025-05-24,2025/06/02 - 2025/06/06,11691
2025-06-02,2025-06-06,Wednesday,1,1092R3,"Michael Lotem, Israel Ambassador to Kenya, at the Israel Embassy in Nairobi, Kenya 01/25/2024  1024R3, 1032R1, 1033R5, 1040R5, 1045R4, 1046R2, 1046R5, 1047R5, 1048R4, 1049R2, 1050R5, 1051R1, 1052R4, 1053R2, 1054R5, 1057R5, 1060R5, 1062R5, 1065R5, 1066R3, 1077R3, 1090R3",,2025/06/02 - 2025/06/06,11695
2025-06-02,2025-06-06,Thursday,1,1092R4,"Michael Lotem, Israel Ambassador to Kenya, at the Israel Embassy in Nairobi, Kenya 02/27/2025  1082R1, 1090R4",,2025/06/02 - 2025/06/06,11699
2025-06-02,2025-06-06,Friday,1,1092R5,"The Consequences for Rejecting Israel - Jerusalem Prayer Breakfast, Oslo, Norway 04/03/2025  1087R3, 1090R5",,2025/06/02 - 2025/06/06,11703
2025-06-02,2025-06-06,Friday,2,1092SW,Minister Fred Christian - The Spirit of Hawaii 1060R2 / We Are Born into Warfare 1060R1  (OmegaManRadio with Shannon Davis 10/17/24)  1061SW,,2025/06/02 - 2025/06/06,11704
2025-06-02,2025-06-06,Friday,filler,1092Sun,Rev. Adalia Hansen - The Heart Posture   10/19/2024  51:18 1061Sun,,2025/06/02 - 2025/06/06,11705
2025-06-09,2025-06-13,Monday,1,1093R1,Satisfied Tenacious Eagles 966R1,,2025/06/09 - 2025/06/13,11708
2025-06-09,2025-06-13,Tuesday,1,1093R2,"Tony Bonnallie, Owner of Mission Motors, Stanwood, WA - Cocaine & Grace  966R3",,2025/06/09 - 2025/06/13,11712
2025-06-09,2025-06-13,Wednesday,1,1093R3,"Dr. Bill Henderson, Remnant Gathering Church - It's Time to Break the Back of Shipwreck Faith  966R4",,2025/06/09 - 2025/06/13,11716
2025-06-09,2025-06-13,Thursday,1,1093R4,"Dr. Bill Henderson, Remnant Gathering Church - It's Time to Break the Back of Shipwreck Faith Part 2  966R5",,2025/06/09 - 2025/06/13,11720
2025-06-09,2025-06-13,Friday,1,1093R5,"Dr. Bill Henderson, Remnant Gathering Church - It's Time to Break the Back of Shipwreck Faith Part 3  967R1",,2025/06/09 - 2025/06/13,11724
2025-06-09,2025-06-13,Friday,2,1093SW,Former WA St. House of Reps. & Pastor Matt Shea - China/India War & UN & Molech / Satisfied Eagles (OmegaManRadio with Shannon Davis 12/22/22),,2025/06/09 - 2025/06/13,11725
2025-06-09,2025-06-13,Friday,filler,1093Sun,"Dr. Bill Henderson, Remnant Gathering Church - It's Time to Break the Back of Shipwreck Faith 1:08:23 length",,2025/06/09 - 2025/06/13,11726
2025-06-16,2025-06-20,Monday,1,1094R1,Dr. EJ Buckardt - Illegal Aliens Riot in LA June 2025 06/11/2025,2025-06-11,2025/06/16 - 2025/06/20,11729
2025-06-16,2025-06-20,Tuesday,1,1094R2,Dr. EJ Buckardt - Tanzania Bishop Joshephat Gwajima Persecuted 06/11/2025,2025-06-11,2025/06/16 - 2025/06/20,11733
2025-06-16,2025-06-20,Wednesday,1,1094R3,Grace for Each Other 967R2,,2025/06/16 - 2025/06/20,11737
2025-06-16,2025-06-20,Thursday,1,1094R4,Defeating Temptation  968R1,,2025/06/16 - 2025/06/20,11741
2025-06-16,2025-06-20,Friday,1,1094R5,Issachar & War  969R2,,2025/06/16 - 2025/06/20,11745
2025-06-16,2025-06-20,Friday,2,1094SW,Dr. EJ Buckardt - Illegal Aliens Riot in LA June 2025 1094R1 / Dr. EJ Buckardt - Tanzania Bishop Joshephat Gwajima Persecuted 1094R2 / S of J (Amazon) Promo / Gino & Ann Schmidt sing Teach Me to Hear Your Voice,,2025/06/16 - 2025/06/20,11746
2025-06-16,2025-06-20,Friday,filler,1094Sun,Dr. EJ Buckardt - Is Your Church Secularized? 12/19/2015  48:52,,2025/06/16 - 2025/06/20,11747
2025-06-23,2025-06-27,Monday,1,1095R1,Dr. EJ Buckardt - Israel Attacks Iran's Nuclear Facilities 06/17/2025,2025-06-17,2025/06/23 - 2025/06/27,11750
2025-06-23,2025-06-27,Tuesday,1,1095R2,Dr. EJ Buckardt - Illegal Aliens Riot in LA June 2025 06/11/2025  1094R1,,2025/06/23 - 2025/06/27,11754
2025-06-23,2025-06-27,Wednesday,1,1095R3,Dr. EJ Buckardt - Tanzania Bishop Joshephat Gwajima Persecuted 06/11/2025  1094R2,,2025/06/23 - 2025/06/27,11758
2025-06-23,2025-06-27,Thursday,1,1095R4,Bishop Geoffrey Njuguna - Tanzania - Bishop Gwajima 06/17/2025,2025-06-17,2025/06/23 - 2025/06/27,11762
2025-06-23,2025-06-27,Friday,1,1095R5,"Dr. Hansen, Bishop Geoffrey Njuguna - Kenya 06/17/2025",2025-06-17,2025/06/23 - 2025/06/27,11766
2025-06-23,2025-06-27,Friday,2,1095SW,Dr. EJ Buckardt - Israel Attacks Iran's Nuclear Facilities 1095R1 / Bishop Geoffrey Njuguna - Tanzania - Bishop Gwajima 1095R5,,2025/06/23 - 2025/06/27,11767
2025-06-23,2025-06-27,Friday,filler,1095Sun,Dr. EJ Buckardt - Psalm 51 12/26/2015  35:16,,2025/06/23 - 2025/06/27,11768
2025-06-30,2025-07-04,Tuesday,1,1096R2,Dr. EJ Buckardt - Illegal Aliens Riot in LA June 2025 06/11/2025  1094R1 1095R2,,2025/06/30 - 2025/07/04,11775
2025-06-30,2025-07-04,Wednesday,1,1096R3,Dr. EJ Buckardt - Tanzania Bishop Joshephat Gwajima Persecuted 06/11/2025  1094R2 1095R3,,2025/06/30 - 2025/07/04,11779
2025-06-30,2025-07-04,Thursday,1,1096R4,Bishop Geoffrey Njuguna - Tanzania - Bishop Gwajima 06/17/2025 1095R4,,2025/06/30 - 2025/07/04,11783
2025-06-30,2025-07-04,Friday,1,1096R5,"Dr. Hansen, Bishop Geoffrey Njuguna - Kenya 06/17/2025 1095R5",,2025/06/30 - 2025/07/04,11787
2025-06-30,2025-07-04,Friday,2,1096SW,Bishop Geoffrey Njuguna - Fathers as God's Image Bearers 06/15/2025,2025-06-15,2025/06/30 - 2025/07/04,11788
2025-06-30,2025-07-04,Friday,filler,1096Sun,"Rev. Dr. Adalia Hansen - Motherhood & Spiritual Legacy - Love Fellowship Church International, Renton, WA 05/11/2025  1:07:00",,2025/06/30 - 2025/07/04,11789
2025-07-07,2025-07-11,Monday,1,1097R1,Prophetic Times (Facebook Live Streamed)  06/27/2025,2025-06-27,2025/07/07 - 2025/07/11,11792
2025-07-07,2025-07-11,Tuesday,1,1097R2,"Dr. Hansen, Bishop Geoffrey Njuguna - Kenya 06/17/2025 1095R5 1096R5",,2025/07/07 - 2025/07/11,11796
2025-07-07,2025-07-11,Wednesday,1,1097R3,"Bishop Dr. Stanley Michuki (Kenya National Congress of Pentecostal Churches) - Bishop J.M. Ole Kahara (Lead Pastor, Fireflow Ministries Intl., PO Box 60074, Renton, WA 98058, (425) 633-6335, fireflow.season@yahoo.com, www.fireflowmintl.org) Kenya 06/30/2025",2025-06-30,2025/07/07 - 2025/07/11,11800
2025-07-07,2025-07-11,Thursday,1,1097R4,Bishop Geoffrey Njuguna - Tanzania - Bishop Gwajima 06/17/2025 1095R4 1096R4,,2025/07/07 - 2025/07/11,11804
2025-07-07,2025-07-11,Friday,1,1097R5,World Control vs the Power of God (Prophetic Times) 06/28/2025,2025-06-28,2025/07/07 - 2025/07/11,11808
2025-07-07,2025-07-11,Friday,2,1097SW,"Dr. Hansen, Bishop Geoffrey Njuguna - Kenya 06/17/2025 1095R5 1096R5 1097R2 / Bishop Dr. Stanley Michuki - Bishop J.M. Ole Kahara - Kenya 06/30/2025 1097R3",,2025/07/07 - 2025/07/11,11809
2025-07-07,2025-07-11,Friday,filler,1097Sun,World Control vs the Power of God - Uncut (Prophetic Times) + S of J  06/28/2025,2025-06-28,2025/07/07 - 2025/07/11,11810
2025-07-14,2025-07-18,Monday,1,1098R1,Prophecy The Science of Judgment  07/04/2025,2025-07-04,2025/07/14 - 2025/07/18,11813
2025-07-14,2025-07-18,Tuesday,1,1098R2,Covenant Breaking Spirits  07/05/2025,2025-07-05,2025/07/14 - 2025/07/18,11817
2025-07-14,2025-07-18,Wednesday,1,1098R3,Bishop Geoffrey Njuguna - The Demonic Spirits that Target the Five-Fold Ministries 06/27/2025 (Men's 6:00 am Bible & Prayer),,2025/07/14 - 2025/07/18,11821
2025-07-14,2025-07-18,Thursday,1,1098R4,Rev. Dr. Adalia Hansen & Rev. Elizabeth Kamau - Breaking Spiritual Barriers & Reclaiming Generational Blessings Part 1  06/19/2025,2025-06-19,2025/07/14 - 2025/07/18,11825
2025-07-14,2025-07-18,Friday,1,1098R5,Rev. Dr. Adalia Hansen & Rev. Elizabeth Kamau - Breaking Spiritual Barriers & Reclaiming Generational Blessings Part 2  06/19/2025,2025-06-19,2025/07/14 - 2025/07/18,11829
2025-07-14,2025-07-18,Friday,2,1098SW,Rev. Dr. Adalia Hansen & Rev. Elizabeth Kamau - Breaking Spiritual Barriers & Reclaiming Generational Blessings Parts 1-2  06/19/2025,2025-06-19,2025/07/14 - 2025/07/18,11830
2025-07-14,2025-07-18,Friday,filler,1098Sun,Podcast Part 2 Dr. EJ Buckardt - Critical Time for the Christian Church in America (We Need to WAKE Up not be Woke Up) 05/31/2025  56:45,,2025/07/14 - 2025/07/18,11831
2025-07-21,2025-07-25,Monday,1,1099R1,Covering in Prophetic Times - Racism/Tribalism is Evil  07/11/2025,2025-07-11,2025/07/21 - 2025/07/25,11834
2025-07-21,2025-07-25,Tuesday,1,1099R2,Covenant Breaking Spirits Part 2  07/12/2025,2025-07-12,2025/07/21 - 2025/07/25,11838
2025-07-21,2025-07-25,Wednesday,1,1099R3,Dr. Apostle Vee Sitoh (Apostolic Founder of Evangelical Christian Assembly International) & Rev. Janice Tan (Campus Pastor of Evangelical Assembly International - Australia) The Apostolic Responsibility Worldwide 07/15/2025,2025-07-15,2025/07/21 - 2025/07/25,11842
2025-07-21,2025-07-25,Thursday,1,1099R4,Radio Part 3 Dr. EJ Buckardt - Critical Time for the Christian Church in America (We Need to WAKE Up not be Woke Up) 05/31/2025,2025-05-31,2025/07/21 - 2025/07/25,11846
2025-07-21,2025-07-25,Friday,1,1099R5,Radio Part 4 Dr. EJ Buckardt - Critical Time for the Christian Church in America (We Need to WAKE Up not be Woke Up) 05/31/2025,2025-05-31,2025/07/21 - 2025/07/25,11850
2025-07-21,2025-07-25,Friday,2,1099SW,Covenant Breaking Spirits Part 1-2,,2025/07/21 - 2025/07/25,11851
2025-07-21,2025-07-25,Friday,filler,1099Sun,"Pastor Jack McKee, from Belfast Northern Ireland - The Empty Cross and the Empty Tomb 03/26/2016 1:03:00 (Jack McKee's Book ""What Does it Take"" is offered for a donation of $20 or more)",,2025/07/21 - 2025/07/25,11852
2025-07-28,2025-08-01,Monday,1,1100R1,Flawless Covering  07/18/2025,2025-07-18,2025/07/28 - 2025/08/01,11855
2025-07-28,2025-08-01,Tuesday,1,1100R2,Covenant Breaking Spirits part 3 - Kenya Pres. Jomo Kenyatta and Moi  07/19/2025,2025-07-19,2025/07/28 - 2025/08/01,11859
2025-07-28,2025-08-01,Wednesday,1,1100R3,Bishop Geoffrey Njuguna - Fathers as God's Image Bearers Part 1  06/15/2025,2025-06-15,2025/07/28 - 2025/08/01,11863
2025-07-28,2025-08-01,Thursday,1,1100R4,Bishop Geoffrey Njuguna - Fathers as God's Image Bearers Part 2  06/15/2025,2025-06-15,2025/07/28 - 2025/08/01,11867
2025-07-28,2025-08-01,Friday,1,1100R5,Bishop Geoffrey Njuguna - Fathers as God's Image Bearers Part 3  06/15/2025,2025-06-15,2025/07/28 - 2025/08/01,11871
2025-07-28,2025-08-01,Friday,2,1100SW,Flawless Covering 1100R1 / Covenant Breaking Spirits part 3 - Kenya Pres. Jomo Kenyatta and Moi 1100R2,,2025/07/28 - 2025/08/01,11872
2025-07-28,2025-08-01,Friday,filler,1100Sun,Rev. Gwen Ehrenborg & Rev. Todd Ehrenborg portray Deborah from the book of Judges 04/02/2016,2016-04-02,2025/07/28 - 2025/08/01,11873
2025-08-04,2025-08-08,Monday,1,1101R1,"Iran-Israel War, Ceasefire a Mistake  07/25/2025",2025-07-25,2025/08/04 - 2025/08/08,11876
2025-08-04,2025-08-08,Tuesday,1,1101R2,Iran-Israel Ceasefire Mistake - Nuclear War Instead  07/26/2025,2025-07-26,2025/08/04 - 2025/08/08,11880
2025-08-04,2025-08-08,Wednesday,1,1101R3,"Dr. Hansen, Bishop Geoffrey Njuguna - Kenya 06/17/2025 1095R5 1096R5 1097R2",,2025/08/04 - 2025/08/08,11884
2025-08-04,2025-08-08,Thursday,1,1101R4,"Bishop Dr. Stanley Michuki (Kenya National Congress of Pentecostal Churches) - Bishop J.M. Ole Kahara (Lead Pastor, Fireflow Ministries Intl., PO Box 60074, Renton, WA 98058, (425) 633-6335, fireflow.season@yahoo.com, www.fireflowmintl.org) Kenya 06/30/2025 1097R3",,2025/08/04 - 2025/08/08,11888
2025-08-04,2025-08-08,Friday,1,1101R5,Covenant Breaking Spirits Part 3 - Kenya Pres. Jomo Kenyatta and Moi  07/19/2025 1100R2,,2025/08/04 - 2025/08/08,11892
2025-08-04,2025-08-08,Friday,2,1101SW,"Iran-Israel War, Ceasefire a Mistake 1101R1 / Iran-Israel Ceasefire Mistake - Nuclear War Instead 1101R2",,2025/08/04 - 2025/08/08,11893
2025-08-04,2025-08-08,Friday,filler,1101Sun,"Dr. EJ Buckardt - Love, Faith and Trust 04/09/2016 45:10",,2025/08/04 - 2025/08/08,11894
2025-08-11,2025-08-15,Monday,1,1102R1,Bishop Tobias Nyamwaya - Overcoming Fear Part 1  08/01/2025,2025-08-01,2025/08/11 - 2025/08/15,11897
2025-08-11,2025-08-15,Tuesday,1,1102R2,Bishop Tobias Nyamwaya - Overcoming Fear Part 1  08/01/2025,2025-08-01,2025/08/11 - 2025/08/15,11901
2025-08-11,2025-08-15,Wednesday,1,1102R3,Covenant Breaking Spirits Part 4 - Divine Judgment  08/01/2025,2025-08-01,2025/08/11 - 2025/08/15,11905
2025-08-11,2025-08-15,Thursday,1,1102R4,"Bishop Tobias Nyamwaya - Faith, Not Tears  08/07/2025",2025-08-07,2025/08/11 - 2025/08/15,11909
2025-08-11,2025-08-15,Friday,1,1102R5,Covering in Prophetic Times - Racism/Tribalism is Evil 1099R1,,2025/08/11 - 2025/08/15,11913
2025-08-11,2025-08-15,Friday,2,1102SW,Bishop Tobias Nyamwaya - Overcoming Fear & Dr. Hansen - Covenant Breaking Spirits Part 4 - Divine Judgment 08/01/2025,2025-08-01,2025/08/11 - 2025/08/15,11914
2025-08-11,2025-08-15,Friday,filler,1102Sun,,,2025/08/11 - 2025/08/15,11915
2025-08-18,2025-08-22,Monday,1,1103R1,"Israel-Iran Trump Mistake - Shannon Davis, Dr. Hansen 08/08/2025",2025-08-08,2025/08/18 - 2025/08/22,11918
2025-08-18,2025-08-22,Tuesday,1,1103R2,"Church Racism - Bishop Tobias Nyamwaya, Shannon Davis, Dr. Hansen 08/08/2025",2025-08-08,2025/08/18 - 2025/08/22,11922
2025-08-18,2025-08-22,Wednesday,1,1103R3,"Demons in the Church Today - Bishop Tobias Nyamwaya, Shannon Davis, Dr. Hansen 08/08/2025",2025-08-08,2025/08/18 - 2025/08/22,11926
2025-08-18,2025-08-22,Thursday,1,1103R4,"Crisis in Kenya - Bishop Dr. Stanley Michuki - Pastor Titus Njuguna (Joy Bringers Ministries International, 14550 Westminster Way, Shoreline, WA 98133  joybringersministries.com/)  08/08/2025",2025-08-08,2025/08/18 - 2025/08/22,11930
2025-08-18,2025-08-22,Friday,1,1103R5,"Science of Judgment, Covenant Breaking Spirits - Bishop Dr. Stanley Michuki  08/08/2025",2025-08-08,2025/08/18 - 2025/08/22,11934
2025-08-18,2025-08-22,Friday,2,1103SW,"Israel-Iran Trump Mistake - Shannon Davis, Dr. Hansen 1103R1 / Church Racism - Bishop Tobias Nyamwaya, Shannon Davis, Dr. Hansen 1103R2",,2025/08/18 - 2025/08/22,11935
2025-08-18,2025-08-22,Friday,filler,1103Sun,,,2025/08/18 - 2025/08/22,11936
2025-08-25,2025-08-29,Monday,1,1104R1,Love Proves Covenant & Christianity - Bishop Dr. Stanley Michuki  08/08/2025,2025-08-08,2025/08/25 - 2025/08/29,11939
2025-08-25,2025-08-29,Tuesday,1,1104R2,Dealing with Strongholds - Bishop Tobias Nyamwaya  08/14/2025,2025-08-14,2025/08/25 - 2025/08/29,11943
2025-08-25,2025-08-29,Wednesday,1,1104R3,Enemies of Focus - Bishop Tobias Nyamwaya  08/15/2025,2025-08-15,2025/08/25 - 2025/08/29,11947
2025-08-25,2025-08-29,Thursday,1,1104R4,OMR - Bishop Tobias Nyamwaya - Tyranny in the Nations - Tattoos - False Apostles/Prophets Part 1  08/15/2025,2025-08-15,2025/08/25 - 2025/08/29,11951
2025-08-25,2025-08-29,Friday,1,1104R5,OMR - Bishop Tobias Nyamwaya - Tyranny in the Nations - Tattoos - False Apostles/Prophets Part 2  08/15/2025,2025-08-15,2025/08/25 - 2025/08/29,11955
2025-08-25,2025-08-29,Friday,2,1104SW,OMR - Bishop Tobias Nyamwaya - Tyranny in the Nations - Tattoos - False Apostles/Prophets  08/15/2025,2025-08-15,2025/08/25 - 2025/08/29,11956
2025-08-25,2025-08-29,Friday,filler,1104Sun,,,2025/08/25 - 2025/08/29,11957
2025-09-01,2025-09-05,Monday,1,1105R1,Bishop Tobias Nyamwaya - Principles of Love  08/16/2025,2025-08-16,2025/09/01 - 2025/09/05,11960
2025-09-01,2025-09-05,Tuesday,1,1105R2,Unholy Alliances  08/21/2025,2025-08-21,2025/09/01 - 2025/09/05,11964
2025-09-01,2025-09-05,Wednesday,1,1105R3,"Hitler, Blocked Prayers and the Unpardonable Sin - Dr EJ Buckardt, OmegaManRadio with Shannon Davis pt1  08/22/2025",2025-08-22,2025/09/01 - 2025/09/05,11968
2025-09-01,2025-09-05,Thursday,1,1105R4,"Obama, Gaddafi & the Democrats - Dr EJ Buckardt, OmegaManRadio with Shannon Davis pt2  08/22/2025",2025-08-22,2025/09/01 - 2025/09/05,11972
2025-09-01,2025-09-05,Friday,1,1105R5,Rejection Due to False Thoughts (Based on Mark 6:1-29) 08/23/2025,2025-08-23,2025/09/01 - 2025/09/05,11976
2025-09-01,2025-09-05,Friday,2,1105SW,"Hitler - Obama & Gaddafi - Dr EJ Buckardt, OmegaManRadio with Shannon Davis  08/22/2025",2025-08-22,2025/09/01 - 2025/09/05,11977
2025-09-01,2025-09-05,Friday,filler,1105Sun,,,2025/09/01 - 2025/09/05,11978
2025-09-08,2025-09-12,Monday,1,1106R1,Unholy Alliances Part 2  08/28/2925,2925-08-28,2025/09/08 - 2025/09/12,11981
2025-09-08,2025-09-12,Tuesday,1,1106R2,"Altars, Piercings & Tattoos - Minister Fred Christian  08/29/2025",2025-08-29,2025/09/08 - 2025/09/12,11985
2025-09-08,2025-09-12,Wednesday,1,1106R3,Turning Point - Dr. Emmanuel Ziga Part 1  08/30/2025,2025-08-30,2025/09/08 - 2025/09/12,11989
2025-09-08,2025-09-12,Thursday,1,1106R4,Turning Point - Dr. Emmanuel Ziga Part 2  08/30/2025,2025-08-30,2025/09/08 - 2025/09/12,11993
2025-09-08,2025-09-12,Friday,1,1106R5,Turning Point - Dr. Emmanuel Ziga Part 3  08/30/2025 (S of J closing),,2025/09/08 - 2025/09/12,11997
2025-09-08,2025-09-12,Friday,2,1106SW,Turning Point - Dr. Emmanuel Ziga  08/30/2025,2025-08-30,2025/09/08 - 2025/09/12,11998
2025-09-08,2025-09-12,Friday,filler,1106Sun,,,2025/09/08 - 2025/09/12,11999
2025-09-15,2025-09-19,Monday,1,1107R1,The Law of the Spirit 1003R1,,2025/09/15 - 2025/09/19,12002
2025-09-15,2025-09-19,Tuesday,1,1107R2,"Bishop Tobias Nyamwaya, Bishop with International Pentecostal Holiness - Return to The Father   1003R2",,2025/09/15 - 2025/09/19,12006
2025-09-15,2025-09-19,Wednesday,1,1107R3,"Bishop Tobias Nyamwaya, Bishop with International Pentecostal Holiness - Prophecy to Kenya & Eagles Saving Nations  1003R3",,2025/09/15 - 2025/09/19,12010
2025-09-15,2025-09-19,Thursday,1,1107R4,"Bishop Tobias Nyamwaya, Bishop with International Pentecostal Holiness - Dorcas Fund - Widows & Orphans - Kenya   1003R4",,2025/09/15 - 2025/09/19,12014
2025-09-15,2025-09-19,Friday,1,1107R5,Apostolic Leader Dennis Moore - Spirit of Deceit in the Nations 1003R5,,2025/09/15 - 2025/09/19,12018
2025-09-15,2025-09-19,Friday,2,1107SW,"Pastor Leo Bogee (World Christian Leadership Training Ministries, Oklahoma City. OK), Bishop Tobias Nyamwaya, Bishop with International Pentecostal Holiness - LaHanai Maui - Communist Takeover 1002R4 / Apostolic Leader Eric Hurd (The Sons of Issachar), Bishop Tobias Nyamwaya (Bishop with International Pentecostal Holiness) - Maui - Obama - Moloch  1002R5 (OmegaManRadio with Shannon Davis 09/08/23) 1003SW",,2025/09/15 - 2025/09/19,12019
2025-09-15,2025-09-19,Friday,filler,1107Sun,,,2025/09/15 - 2025/09/19,12020
2025-09-22,2025-09-26,Monday,1,1108R1,Principles of Love - Forgiveness: Older Brother Syndrome - Bishop Tobias Nyamwaya  09/06/2025,2025-09-06,2025/09/22 - 2025/09/26,12023
2025-09-22,2025-09-26,Tuesday,1,1108R2,"The Church's Responsibility in the Nations - Bishop Dr. Stanley Michuki, Pastor Peter Muthiora 09/01/2025",2025-09-01,2025/09/22 - 2025/09/26,12027
2025-09-22,2025-09-26,Wednesday,1,1108R3,A Dangerous World - Bishop Dr. Stanley Michuki  09/02/2025 pm,,2025/09/22 - 2025/09/26,12031
2025-09-22,2025-09-26,Thursday,1,1108R4,An Agent of Transformation - Bishop Dr. Stanley Michuki  09/02/2025 am,,2025/09/22 - 2025/09/26,12035
2025-09-22,2025-09-26,Friday,1,1108R5,Where's the God of Elijah?  09/04/2025,2025-09-04,2025/09/22 - 2025/09/26,12039
2025-09-22,2025-09-26,Friday,2,1108SW,Love Proves Covenant & Christianity - Bishop Dr. Stanley Michuki 1104R1 / A Dangerous World - Bishop Dr. Stanley Michuki 1108R3,,2025/09/22 - 2025/09/26,12040
2025-09-22,2025-09-26,Friday,filler,1108Sun,,,2025/09/22 - 2025/09/26,12041
2025-09-29,2025-10-03,Monday,1,1109R1,God's Redirection or the Blessing of Obedience - Bishop Tobias Nyamwaya  09/11/2025,2025-09-11,2025/09/29 - 2025/10/03,12044
2025-09-29,2025-10-03,Tuesday,1,1109R2,The Dead Still Speaks - Bishop Tobias Nyamwaya  09/12/2025,2025-09-12,2025/09/29 - 2025/10/03,12048
2025-09-29,2025-10-03,Wednesday,1,1109R3,Principles of Love - Forgiveness Part 2 - Bishop Tobias Nyamwaya  09/13/2025,2025-09-13,2025/09/29 - 2025/10/03,12052
2025-09-29,2025-10-03,Thursday,1,1109R4,"Elijah's Mantle - Word of Faith Church in Kiambu, Kenya with Bishop Thomas Muthee, Sept. 7, 2025 Part 1  09/07/2025",2025-09-07,2025/09/29 - 2025/10/03,12056
2025-09-29,2025-10-03,Friday,1,1109R5,"Elijah's Mantle - Word of Faith Church in Kiambu, Kenya with Bishop Thomas Muthee, Sept. 7, 2025 Part 2  09/07/2025",2025-09-07,2025/09/29 - 2025/10/03,12060
2025-09-29,2025-10-03,Friday,2,1109SW,"Elijah's Mantle - Word of Faith Church in Kiambu, Kenya with Bishop Thomas Muthee, Sept. 7, 2025  09/07/2025",2025-09-07,2025/09/29 - 2025/10/03,12061
2025-09-29,2025-10-03,Friday,filler,1109Sun,,,2025/09/29 - 2025/10/03,12062
2025-10-06,2025-10-10,Monday,1,1110R1,Does God Dictate a President? 09/19/2025,2025-09-19,2025/10/06 - 2025/10/10,12065
2025-10-06,2025-10-10,Tuesday,1,1110E2,"Kenya / Malawi, Presidential Visit - Live with Shannon Davis (Eagles Saving Nations: Election Fraud, Spiritual Warfare & The Mark of the Beast) Part 1 09/24/2025",2025-09-24,2025/10/06 - 2025/10/10,12069
2025-10-06,2025-10-10,Wednesday,1,1110R3,"Kenya / Malawi, Presidential Visit - Live with Shannon Davis (Eagles Saving Nations: Election Fraud, Spiritual Warfare & The Mark of the Beast) Part 2 09/24/2025",2025-09-24,2025/10/06 - 2025/10/10,12073
2025-10-06,2025-10-10,Thursday,1,1110R4,"Kenya / Malawi, Presidential Visit - Live with Shannon Davis (Eagles Saving Nations: Election Fraud, Spiritual Warfare & The Mark of the Beast) Part 3 09/24/2025",2025-09-24,2025/10/06 - 2025/10/10,12077
2025-10-06,2025-10-10,Friday,1,1110R5,Malawi Presidential Election 09/25/2025,2025-09-25,2025/10/06 - 2025/10/10,12081
2025-10-06,2025-10-10,Friday,2,1110SW,"Kenya / Malawi, Presidential Visit - Live with Shannon Davis (Eagles Saving Nations: Election Fraud, Spiritual Warfare & The Mark of the Beast) 09/24/2025",2025-09-24,2025/10/06 - 2025/10/10,12082
2025-10-06,2025-10-10,Friday,filler,1110Sun,,,2025/10/06 - 2025/10/10,12083
2025-10-13,2025-10-17,Monday,1,1111R1,Prayers - Bishop Tobias Nyamwaya 09/26/2025,2025-09-26,2025/10/13 - 2025/10/17,12086
2025-10-13,2025-10-17,Tuesday,1,1111R2,Called to Add Value - Bishop Tobias Nyamwaya 09/27/2025,2025-09-27,2025/10/13 - 2025/10/17,12090
2025-10-13,2025-10-17,Wednesday,1,1111R3,God 's Enemies Reject Prophecy 09/27/2025,2025-09-27,2025/10/13 - 2025/10/17,12094
2025-10-13,2025-10-17,Thursday,1,1111R4,"True Ambassadors Use Nuclear Weapons - Joy Bringers Church, Everett, WA Part 1  09/21/2025",2025-09-21,2025/10/13 - 2025/10/17,12098
2025-10-13,2025-10-17,Friday,1,1111R5,"True Ambassadors Use Nuclear Weapons - Joy Bringers Church, Everett, WA Part 2  09/21/2025",2025-09-21,2025/10/13 - 2025/10/17,12102
2025-10-13,2025-10-17,Friday,2,1111SW,"True Ambassadors Use Nuclear Weapons - Joy Bringers Church, Everett, WA  09/21/2025",2025-09-21,2025/10/13 - 2025/10/17,12103
2025-10-13,2025-10-17,Friday,filler,1111Sun,,,2025/10/13 - 2025/10/17,12104
2025-10-20,2025-10-24,Monday,1,1112R1,"Where are the Elijah's of God? - Church Leaders Conference, Lilongwe, Malawi Sept. 13, 2025 Part 1 09/13/202",2102-09-13,2025/10/20 - 2025/10/24,12107
2025-10-20,2025-10-24,Tuesday,1,1112R2,"Where are the Elijah's of God? - Church Leaders Conference, Lilongwe, Malawi Sept. 13, 2025 Part 2 09/13/202",2102-09-13,2025/10/20 - 2025/10/24,12111
2025-10-20,2025-10-24,Wednesday,1,1112R3,"I Am a Debtor - Hand of God Church International, Lilongwe, Malawi Sept. 14, 2025 09/14/2025",2025-09-14,2025/10/20 - 2025/10/24,12115
2025-10-20,2025-10-24,Thursday,1,1112R4,The Beloved of The Father - Bishop Tobias Nyamwaya 10/09/2025,2025-10-09,2025/10/20 - 2025/10/24,12119
2025-10-20,2025-10-24,Friday,1,1112R5,The Wrong Belief System - Bishop Tobias Nyamwaya 10/09/2025,2025-10-09,2025/10/20 - 2025/10/24,12123
2025-10-20,2025-10-24,Friday,2,1112SW,"Where are the Elijah's of God? - Church Leaders Conference, Lilongwe, Malawi Sept. 13, 2025 09/13/2025",2025-09-13,2025/10/20 - 2025/10/24,12124
2025-10-27,2025-10-31,Monday,1,1113R1,The Holy Spirit Makes War in Canada Part 1 10/10/2025,2025-10-10,2025/10/27 - 2025/10/31,12128
2025-10-27,2025-10-31,Tuesday,1,1113R2,The Holy Spirit Makes War in Canada Part 2 10/10/2025,2025-10-10,2025/10/27 - 2025/10/31,12132
2025-10-27,2025-10-31,Wednesday,1,1113R3,Finding Peace in Times of Trouble - Bishop Tobias Nyamwaya 10/11/2025,2025-10-11,2025/10/27 - 2025/10/31,12136
2025-10-27,2025-10-31,Thursday,1,1113R4,The World Holy Spirit Conference Korea 2025 - OMR with Shannon Davis (LIVE) Part 1 10/15/2025,2025-10-15,2025/10/27 - 2025/10/31,12140
2025-10-27,2025-10-31,Friday,1,1113R5,The World Holy Spirit Conference Korea 2025 - OMR with Shannon Davis (LIVE) Part 2 10/15/2025,2025-10-15,2025/10/27 - 2025/10/31,12144
2025-10-27,2025-10-31,Friday,2,1113SW,The World Holy Spirit Conference Korea 2025 - OMR with Shannon Davis (LIVE) 10/15/2025,2025-10-15,2025/10/27 - 2025/10/31,12145
2025-11-03,2025-11-07,Monday,1,1114R1,Prophecy - Ukraine & Russia - America and Nuclear War 10/14/2025,2025-10-14,2025/11/03 - 2025/11/07,12149
2025-11-03,2025-11-07,Tuesday,1,1114R2,Unity/Disunity & Where is the Church At Today? - Dr. EJ Buckardt 10/25/2025,2025-10-25,2025/11/03 - 2025/11/07,12153
2025-11-03,2025-11-07,Wednesday,1,1114R3,When Fear is Sinful & When Fear is Healthy 06/07/2025,2025-06-07,2025/11/03 - 2025/11/07,12157
2025-11-03,2025-11-07,Thursday,1,1114R4,"Who is The Holy Spirit? Part 1 - 9th World Holy Spirit Ministries International Conference, Seoul, South Korea 10/01/2025",2025-10-01,2025/11/03 - 2025/11/07,12161
2025-11-03,2025-11-07,Friday,1,1114R5,"Who is The Holy Spirit? Part 2 - 9th World Holy Spirit Ministries International Conference, Seoul, South Korea 10/01/2025",2025-10-01,2025/11/03 - 2025/11/07,12165
2025-11-03,2025-11-07,Friday,2,1114SW,"Who is The Holy Spirit? - (Dr. Adalia Hansen sings ""Show Me Your Face"") 9th World Holy Spirit Ministries International Conference, Seoul, South Korea 10/01/2025",2025-10-01,2025/11/03 - 2025/11/07,12166
2025-11-10,2025-11-14,Monday,1,1115R1,Spiritual Warfare 10/31/2025,2025-10-31,2025/11/10 - 2025/11/14,12170
2025-11-10,2025-11-14,Tuesday,1,1115R2,We Are Ambassadors 10/31/2025,2025-10-31,2025/11/10 - 2025/11/14,12174
2025-11-10,2025-11-14,Wednesday,1,1115R3,Germany in Prophecy 11/01/2025,2025-11-01,2025/11/10 - 2025/11/14,12178
2025-11-10,2025-11-14,Thursday,1,1115R4,"The Holy Spirit Makes War in Korea, LIVE in Seoul South Korea 10/05/2025 Part 1",,2025/11/10 - 2025/11/14,12182
2025-11-10,2025-11-14,Friday,1,1115R5,"The Holy Spirit Makes War in Korea, LIVE in Seoul South Korea 10/05/2025 Part 2",,2025/11/10 - 2025/11/14,12186
2025-11-10,2025-11-14,Friday,2,1115SW,"The Holy Spirit Makes War in Korea, LIVE in Seoul South Korea 10/05/2025 (Dr. Adalia Hansen leads worship singing ""Yes Lord, Yes Yes Lord"" & ""Bind Us Together in Love"")",,2025/11/10 - 2025/11/14,12187
2025-11-17,2025-11-21,Monday,1,1116R1,"Having a Closer Walk with The Lord - Dr. EJ Buckardt 10/01/2025, World Holy Spirit Ministry International, Korea",,2025/11/17 - 2025/11/21,12191
2025-11-17,2025-11-21,Tuesday,1,1116R2,"Are You Prepared? - Dr. EJ Buckardt 10/03/2025, World Holy Spirit Ministry International, Korea",,2025/11/17 - 2025/11/21,12195
2025-11-17,2025-11-21,Wednesday,1,1116R3,"Don't Let the Fire Go Out - Dr. Michael Hyodo 10/03/2025, World Holy Spirit Ministry International, Korea",,2025/11/17 - 2025/11/21,12199
2025-11-17,2025-11-21,Thursday,1,1116R4,"When the Spirit Comes Upon the Wounded - Dr. Adalia Hansen 10/01/2025, World Holy Spirit Ministry International, Korea",,2025/11/17 - 2025/11/21,12203
2025-11-17,2025-11-21,Friday,1,1116R5,"The Prophetic Shift - Minister Fred Chritian 10/03/2025, World Holy Spirit Ministry International, Korea",,2025/11/17 - 2025/11/21,12207
2025-11-17,2025-11-21,Friday,2,1116SW,"What's the ""Difference""? - Minister Vance Miller 10/04/2025 - Dr. Adalia Hansen & Rabbi Yehuda Glick (Former MK) Discuss Amitsim, Supporting Families with Widowed Parents in Israel (amitsim.com) 10/20/2025",2025-10-20,2025/11/17 - 2025/11/21,12208
2025-11-17,2025-11-21,Friday,filler,1116Sun,,,2025/11/17 - 2025/11/21,12209
2026-11-24,2025-11-28,Monday,1,1117R1,"Where is the God of Elijah - Dr. Hansen for Pastor Mike Adipo, Breakout Session - 9th World Holy Spirit Ministries International Conference, Seoul, South Korea 10/01/2025",2025-10-01,2026/11/24 - 2025/11/28,12212
2026-11-24,2025-11-28,Tuesday,1,1117R2,Fear Doesn't Stand a Chance Part 1 11/06/2025,2025-11-06,2026/11/24 - 2025/11/28,12216
2026-11-24,2025-11-28,Wednesday,1,1117R3,Fear Doesn't Stand a Chance Part 2 11/07/2025,2025-11-07,2026/11/24 - 2025/11/28,12220
2026-11-24,2025-11-28,Thursday,1,1117R4,"Dr. Jae Won-Kim, Founder World Holy Spirit Ministries International - Korea 11/15/2025",2025-11-15,2026/11/24 - 2025/11/28,12224
2026-11-24,2025-11-28,Friday,1,1117R5,Israel Trip 2025 11/14/2025,2025-11-14,2026/11/24 - 2025/11/28,12228
2026-11-24,2025-11-28,Friday,2,1117SW,"Dr. Jae Won-Kim, Founder World Ministries International Ministries International - Korea 11/15/2025 1117R5 / Where is the God of Elijah - Dr. Hansen for Pastor Mike Adipo, Breakout Session - 9th World Holy Spirit Ministries International Conference, Seoul, South Korea 10/01/2025 1117R1",,2026/11/24 - 2025/11/28,12229
2026-11-24,2025-11-28,Friday,filler,1117SUN,,,2026/11/24 - 2025/11/28,12230
2025-12-01,2025-12-05,Monday,1,1118R1,The Forgotten Faces 11/17/2025,2025-11-17,2025/12/01 - 2025/12/05,12233
2025-12-01,2025-12-05,Tuesday,1,1118R2,Rescuing Lives 11/18/2025,2025-11-18,2025/12/01 - 2025/12/05,12237
2025-12-01,2025-12-05,Wednesday,1,1118R3,Respect - Rev. Dr. EJ Buckardt 11/22/2025,2025-11-22,2025/12/01 - 2025/12/05,12241
2025-12-01,2025-12-05,Thursday,1,1118R4,Are You Earnestly Contending for the Faith? Part 1 - Bishop Geoffrey Njuguna (Kenya National Congress of Pentecostal Churches) - Subject: How to Conquer Falsehood Against the Church - Text: Jude 1-3  06/21/2025,2025-06-21,2025/12/01 - 2025/12/05,12245
2025-12-01,2025-12-05,Friday,1,1118R5,Are You Earnestly Contending for the Faith? Part 2 - Bishop Geoffrey Njuguna (Kenya National Congress of Pentecostal Churches) - Subject: How to Conquer Falsehood Against the Church - Text: Jude 1-3  06/21/2025,2025-06-21,2025/12/01 - 2025/12/05,12249
2025-12-01,2025-12-05,Friday,2,1118SW,Are You Earnestly Contending for the Faith? - Bishop Geoffrey Njuguna (Kenya National Congress of Pentecostal Churches) - Subject: How to Conquer Falsehood Against the Church - Text: Jude 1-3  06/21/2025,2025-06-21,2025/12/01 - 2025/12/05,12250
2025-12-01,2025-12-05,Friday,filler,1118Sun,,,2025/12/01 - 2025/12/05,12251
2025-12-08,2025-12-12,Monday,1,1119R1,Respect Part 2 - Dr. EJ Buckardt 11/29/2025,2025-11-29,2025/12/08 - 2025/12/12,12254
2025-12-08,2025-12-12,Tuesday,1,1119R2,The Nature of Covenant Breaking Spirits Part 1 12/04/2025,2025-12-04,2025/12/08 - 2025/12/12,12258
2025-12-08,2025-12-12,Wednesday,1,1119R3,"Extending the Kingdom of God Through Relationship Part 1 - Global Ministries Network International Congress 2025, Baltmore, MD 10/17/2025",2025-10-17,2025/12/08 - 2025/12/12,12262
2025-12-08,2025-12-12,Thursday,1,1119R4,"Extending the Kingdom of God Through Relationship Part 2 - Global Ministries Network International Congress 2025, Baltmore, MD 10/17/2025",2025-10-17,2025/12/08 - 2025/12/12,12266
2025-12-08,2025-12-12,Friday,1,1119R5,It's Supernatural - God is Real - Philippines Crusade 11/22/2025,2025-11-22,2025/12/08 - 2025/12/12,12270
2025-12-08,2025-12-12,Friday,2,1119SW,"Extending the Kingdom of God Through Relationship - Global Ministries Network International Congress 2025, Baltmore, MD 10/17/2025",2025-10-17,2025/12/08 - 2025/12/12,12271
2025-12-08,2025-12-12,Friday,filler,1119Sun,,,2025/12/08 - 2025/12/12,12272
2025-12-15,2025-12-19,Monday,1,1120R1,Covenant Breaking Spirits (Part 2) - Pres. Jomo Kenyatta & Daniel Arap Moi 12/04/2025,2025-12-04,2025/12/15 - 2025/12/19,12275
2025-12-15,2025-12-19,Tuesday,1,1120R2,"Covenant Breaking Spirits (Part 3) - Pres. Kibaki, Uhuru Kenyatta & Ruto 12/06/2025",2025-12-06,2025/12/15 - 2025/12/19,12279
2025-12-15,2025-12-19,Wednesday,1,1120R3,"Covenant Breaking Spirits (Part 4) - Broken Political Promises, Treaties & Moral Values 12/09/2025",2025-12-09,2025/12/15 - 2025/12/19,12283
2025-12-15,2025-12-19,Thursday,1,1120R4,Only the Holy Spirit Led Church Can Save the Philippines Part 1 11/22/2025,2025-11-22,2025/12/15 - 2025/12/19,12287
2025-12-15,2025-12-19,Friday,1,1120R5,Only the Holy Spirit Led Church Can Save the Philippines Part 2 11/22/2025,2025-11-22,2025/12/15 - 2025/12/19,12291
2025-12-15,2025-12-19,Friday,2,1120SW,Only the Holy Spirit Led Church Can Save the Philippines 11/22/2025,2025-11-22,2025/12/15 - 2025/12/19,12292
2025-12-15,2025-12-19,Friday,filler,1120Sun,,,2025/12/15 - 2025/12/19,12293
2025-12-22,2025-12-26,Monday,1,1121R1,"Dr. EJ Buckardt - Tremendous Year, an Opportunity 12/18/2025",2025-12-18,2025/12/22 - 2025/12/26,12296
2025-12-22,2025-12-26,Tuesday,1,1121R2,"Minister Fred Christian - Tremendous Year, Help Us Save the Nations 12/18/2025",2025-12-18,2025/12/22 - 2025/12/26,12300
2025-12-22,2025-12-26,Wednesday,1,1121R3,Steve Buckardt - Helping to Reach the Nations 12/18/2025,2025-12-18,2025/12/22 - 2025/12/26,12304
2025-12-22,2025-12-26,Thursday,1,1121R4,Give to the Forgotten Faces 12/18/2025,2025-12-18,2025/12/22 - 2025/12/26,12308
2025-12-22,2025-12-26,Friday,1,1121R5,Minister Fred Christian - Sharing the Full Gospel - We Need Your Help 12/18/2025,2025-12-18,2025/12/22 - 2025/12/26,12312
2025-12-22,2025-12-26,Friday,2,1121SW,Steve Buckardt - Helping to Reach the Nations 12/18/2025 1121R3 / Minister Fred Christian - Sharing the Full Gospel - We Need Your Help 12/18/2025 1121R5,,2025/12/22 - 2025/12/26,12313
2025-12-22,2025-12-26,Friday,filler,1121Sun,,,2025/12/22 - 2025/12/26,12314
2025-12-29,2026-01-02,Monday,1,1122R1,Covenant Breaking Spirits Part 5 - Spiritual Life & Consequences 12/19/2025,2025-12-19,2025/12/29 - 2026/01/02,12317
2025-12-29,2026-01-02,Tuesday,1,1122R2,Covenant Breaking Spirits Part 6 - Consequences 12/19/2025,2025-12-19,2025/12/29 - 2026/01/02,12321
2025-12-29,2026-01-02,Wednesday,1,1122R3,Grace - Vision & Revelation Work Together 12/20/2025,2025-12-20,2025/12/29 - 2026/01/02,12325
2025-12-29,2026-01-02,Thursday,1,1122R4,"Philippine Interview, Engineer Edwin Canlas, Bishop Israel Sanoy's Friend 11/23/2025",2025-11-23,2025/12/29 - 2026/01/02,12329
2025-12-29,2026-01-02,Friday,1,1122R5,"""We Serve a Living God"" - Flood Victims, the Philippines Church Service 11/25/2025",2025-11-25,2025/12/29 - 2026/01/02,12333
2025-12-29,2026-01-02,Friday,2,1122SW,"Dr. EJ Buckardt - Tremendous Year, an Opportunity 1121R1 / Give to the Forgotten Faces 1121R4",,2025/12/29 - 2026/01/02,12334
2025-12-29,2026-01-02,Friday,filler,1122Sun,,,2025/12/29 - 2026/01/02,12335
2026-01-05,2026-01-09,Monday,1,1123R1,Covenant Breaking Spirits Part 7 - Emotional & Legal Consequences 12/26/25,2025-12-26,2026/01/05 - 2026/01/09,12338
2026-01-05,2026-01-09,Tuesday,1,1123R2,Covenant Breaking Spirits Part 8 - Harm to the Vulnerable 12/26/25,2025-12-26,2026/01/05 - 2026/01/09,12342
2026-01-05,2026-01-09,Wednesday,1,1123R3,Christmas and Hanukkah 12/24/25,2025-12-24,2026/01/05 - 2026/01/09,12346
2026-01-05,2026-01-09,Thursday,1,1123R4,Broken Dreams is the Beginning of Real Living 12/27/25,2025-12-27,2026/01/05 - 2026/01/09,12350
2026-01-05,2026-01-09,Friday,1,1123R5,Philippine Leaders Meeting - Dr. Adalia Hansen 12/02/2025,2025-12-02,2026/01/05 - 2026/01/09,12354
2026-01-05,2026-01-09,Friday,2,1123SW,Eagles Guard the Sheep - Philippine Leaders Meeting 12/02/2025 (010526Trip),,2026/01/05 - 2026/01/09,12355
2026-01-05,2026-01-09,Friday,filler,1123Sun,,,2026/01/05 - 2026/01/09,12356
2026-01-12,2026-01-16,Monday,1,1124R1,"""All the Heroes of the Bible Made Mistakes - God Can Use You - You Have a Desiny"" Philippine Maximum Security Prison with Bishop Israel Sanoy 11/27/2025",2025-11-27,2026/01/12 - 2026/01/16,12359
2026-01-12,2026-01-16,Tuesday,1,1124R2,Covenant Breaking Spirits Part 9 - God's Faithfulness 01/02/2026,2026-01-02,2026/01/12 - 2026/01/16,12363
2026-01-12,2026-01-16,Wednesday,1,1124R3,Covenant Breaking Spirits Part 10 - Breaking Free 01/02/2026,2026-01-02,2026/01/12 - 2026/01/16,12367
2026-01-12,2026-01-16,Thursday,1,1124R4,2026 Breakthroughs - In His Glory Part 1 01/03/2026,2026-01-03,2026/01/12 - 2026/01/16,12371
2026-01-12,2026-01-16,Friday,1,1124R5,2026 Breakthroughs - In His Glory Part 2 01/03/2026,2026-01-03,2026/01/12 - 2026/01/16,12375
2026-01-12,2026-01-16,Friday,2,1124SW,2026 Breakthroughs - In His Glory 01/03/2026,2026-01-03,2026/01/12 - 2026/01/16,12376
2026-01-12,2026-01-16,Friday,filler,1124Sun,,,2026/01/12 - 2026/01/16,12377
2026-01-19,2026-01-23,Monday,1,1125R1,Covenant Breaking Spirits Part 11 - Restoration and Reconciliation 01/07/2026,2026-01-07,2026/01/19 - 2026/01/23,12380
2026-01-19,2026-01-23,Tuesday,1,1125R2,Spiritual Warfare - We will Save Our Nation through the Holy Spirit Part 1 - Philippine church service 11/29/2025,2025-11-29,2026/01/19 - 2026/01/23,12384
2026-01-19,2026-01-23,Wednesday,1,1125R3,Spiritual Warfare - We will Save Our Nation through the Holy Spirit Part 2 - Philippine church service 11/29/2025,2025-11-29,2026/01/19 - 2026/01/23,12388
2026-01-19,2026-01-23,Thursday,1,1125R4,Do You Know Yourself? Part 1 01/10/2026,2026-01-10,2026/01/19 - 2026/01/23,12392
2026-01-19,2026-01-23,Friday,1,1125R5,Do You Know Yourself? Part 2 01/10/2026,2026-01-10,2026/01/19 - 2026/01/23,12396
2026-01-19,2026-01-23,Friday,2,1125SW,Spiritual Warfare - We will Save Our Nation through the Holy Spirit - Philippine church service 11/29/2025,2025-11-29,2026/01/19 - 2026/01/23,12397
2026-01-19,2026-01-23,Friday,filler,1125Sun,,,2026/01/19 - 2026/01/23,12398
2026-01-26,2026-01-30,Monday,1,1126R1,Covenant Breaking Spirits Part 12 - Renewing the Covenant 01/08/2026,2026-01-08,2026/01/26 - 2026/01/30,12401
2026-01-26,2026-01-30,Tuesday,1,1126R2,Don't Give Up & Don't Look Back 01/15/26,2026-01-15,2026/01/26 - 2026/01/30,12405
2026-01-26,2026-01-30,Wednesday,1,1126R3,Constitutional Sheriffs 01/16/26 am,,2026/01/26 - 2026/01/30,12409
2026-01-26,2026-01-30,Thursday,1,1126R4,The Spirit of Sodom & Gomorrah in America Part 1 01/16/26 pm,,2026/01/26 - 2026/01/30,12413
2026-01-26,2026-01-30,Friday,1,1126R5,The Spirit of Sodom & Gomorrah in America Part 2 01/16/26 pm,,2026/01/26 - 2026/01/30,12417
2026-01-26,2026-01-30,Friday,2,1126SW,"The Spirit of Sodom & Gomorrah in America (Roy Kendall's father & nephew play ""Amazing Grace"" on piano and sax) 01/16/26 pm",,2026/01/26 - 2026/01/30,12418
2026-01-26,2026-01-30,Friday,filler,1126Sun,,,2026/01/26 - 2026/01/30,12419
2026-02-02,2026-02-06,Monday,1,1127R1,Israel / America - Dr. EJ Buckardt 01/24/2026,2026-01-24,2026/02/02 - 2026/02/06,12422
2026-02-02,2026-02-06,Tuesday,1,1127R2,America & Sodom and Gomorrah - Paradise Chapel - Hawaii Part 1 01/18/2026,2026-01-18,2026/02/02 - 2026/02/06,12426
2026-02-02,2026-02-06,Wednesday,1,1127R3,America & Sodom and Gomorrah - Paradise Chapel - Hawaii Part 2 (Dr Adalia closes in prayer)  01/18/2026,2026-01-18,2026/02/02 - 2026/02/06,12430
2026-02-02,2026-02-06,Thursday,1,1127R4,"The Spirit of Sodom in America - Holy Hill of Zion, Thy Dwelling Place - Hawaii 01/25/2026",2026-01-25,2026/02/02 - 2026/02/06,12434
2026-02-02,2026-02-06,Friday,1,1127R5,"Anointing Power of the Holy Spirit - Dr. Michael McKinney, President, Promise Christian University, CA - 9th World Holy Spirit Ministry International Conference in Korea 10/01/2025",2025-10-01,2026/02/02 - 2026/02/06,12438
2026-02-02,2026-02-06,Friday,2,1127SW,America & Sodom and Gomorrah - Paradise Chapel - Hawaii (Dr Adalia closes in prayer) 01/18/2026,2026-01-18,2026/02/02 - 2026/02/06,12439
2026-02-02,2026-02-06,Friday,filler,1127Sun,,,2026/02/02 - 2026/02/06,12440
2026-02-09,2026-02-13,Monday,1,1128R1,The Real Story - Minnesota - Corruption - The Governor and Mayor Criminals - Part 1 01/29/2026 - OMR - Shannon Davis,,2026/02/09 - 2026/02/13,12443
2026-02-09,2026-02-13,Tuesday,1,1128R2,The Real Story - Minnesota - Corruption - The Governor and Mayor Criminals - Part 2 01/29/2026 - OMR - Shannon Davis,,2026/02/09 - 2026/02/13,12447
2026-02-09,2026-02-13,Wednesday,1,1128R3,Renee Good & Alex Pretti - Federal Crimes 01/30/2026,2026-01-30,2026/02/09 - 2026/02/13,12451
2026-02-09,2026-02-13,Thursday,1,1128R4,There is Hope in the Dark Part 1 01/31/2026,2026-01-31,2026/02/09 - 2026/02/13,12455
2026-02-09,2026-02-13,Friday,1,1128R5,There is Hope in the Dark Part 2 01/31/2026,2026-01-31,2026/02/09 - 2026/02/13,12459
2026-02-09,2026-02-13,Friday,2,1128SW,The Real Story - Minnesota - Corruption - The Governor and Mayor Criminals 01/29/2026 - OMR - Shannon Davis,,2026/02/09 - 2026/02/13,12460
2026-02-09,2026-02-13,Friday,filler,1129Sun,,,2026/02/09 - 2026/02/13,12461
2026-02-16,2026-02-20,Monday,1,1129R1,"General Michael Flynn - American Police Officers Alliance Save Our Sheriffs Rally Part 1 - 01/09/2026 Puyallup, WA",,2026/02/16 - 2026/02/20,12464
2026-02-16,2026-02-20,Tuesday,1,1129R2,"General Michael Flynn - American Police Officers Alliance Save Our Sheriffs Rally Part 2 - 01/09/2026 Puyallup, WA",,2026/02/16 - 2026/02/20,12468
2026-02-16,2026-02-20,Wednesday,1,1129R3,Sodom and Gomorrah & 25 Prophetic Dreams Part 1 - 02/05/2026 - OMR - Shannon Davis,,2026/02/16 - 2026/02/20,12472
2026-02-16,2026-02-20,Thursday,1,1129R4,Sodom and Gomorrah & 25 Prophetic Dreams Part 2 - 02/05/2026 - OMR - Shannon Davis,,2026/02/16 - 2026/02/20,12476
2026-02-16,2026-02-20,Friday,1,1129R5,Marxist - Islamic - Attack on America 02/06/2026,2026-02-06,2026/02/16 - 2026/02/20,12480
2026-02-16,2026-02-20,Friday,2,1129SW,Sodom and Gomorrah & 25 Prophetic Dreams - 02/05/2026 - OMR - Shannon Davis,,2026/02/16 - 2026/02/20,12481
2026-02-16,2026-02-20,Friday,filler,1129Sun,,,2026/02/16 - 2026/02/20,12482
2026-02-23,2026-02-27,Monday,1,1130R1,"When I am Weak, Then I am Strong - Bishop Israel Sanoy 02/07/2026",2026-02-07,2026/02/23 - 2026/02/27,12485
2026-02-23,2026-02-27,Tuesday,1,1130R2,Marxist - Islamic - Attack on America Part 2 02/12/2026,2026-02-12,2026/02/23 - 2026/02/27,12489
2026-02-23,2026-02-27,Wednesday,1,1130R3,Wealthiest Families & The N.W.O. 02/13/2026,2026-02-13,2026/02/23 - 2026/02/27,12493
2026-02-23,2026-02-27,Thursday,1,1130R4,Broken Dreams - Do You Know Yourself? Part 1 02/14/2026,2026-02-14,2026/02/23 - 2026/02/27,12497
2026-02-23,2026-02-27,Friday,1,1130R5,Broken Dreams - Do You Know Yourself? Part 2 02/14/2026,2026-02-14,2026/02/23 - 2026/02/27,12501
2026-02-23,2026-02-27,Friday,2,1130SW,Broken Dreams - Do You Know Yourself? 02/14/2026,2026-02-14,2026/02/23 - 2026/02/27,12502
2026-02-23,2026-02-27,Friday,filler,1130Sun,,,2026/02/23 - 2026/02/27,12503
2026-03-02,2026-03-06,Monday,1,1131R1,"Nelson Sua, Former Convicted Felon, Candidate for Governor Hawaii 2026 02/16/2026",2026-02-16,2026/03/02 - 2026/03/06,12506
2026-03-02,2026-03-06,Tuesday,1,1131R2,Marxist - Islamic - Attack on America Part 3 - Churchill & Jefferson 02/19/2026,2026-02-19,2026/03/02 - 2026/03/06,12510
2026-03-02,2026-03-06,Wednesday,1,1131R3,Marxist - Islamic - Attack on America Part 4 - Seattle 02/20/2026,2026-02-20,2026/03/02 - 2026/03/06,12514
2026-03-02,2026-03-06,Thursday,1,1131R4,King David's Mighty Men Part 1 02/21/2026,2026-02-21,2026/03/02 - 2026/03/06,12518
2026-03-02,2026-03-06,Friday,1,1131R5,King David's Mighty Men Part 2 02/21/2026,2026-02-21,2026/03/02 - 2026/03/06,12522
2026-03-02,2026-03-06,Friday,2,1131SW,Pastor Shaun Esterbrook - Make No Room for Sin 02/22/2026,2026-02-22,2026/03/02 - 2026/03/06,12523
2026-03-02,2026-03-06,Friday,filler,1131Sun,,,2026/03/02 - 2026/03/06,12524
2026-03-09,2026-03-13,Monday,1,1132R1,Pastor Tory Grayson - Kenya-Uganda April-May 2025 02/17/2026,2026-02-17,2026/03/09 - 2026/03/13,12527
2026-03-09,2026-03-13,Tuesday,1,1132R2,Spiritual Warfare - How Demons Enter You! 02/26/2026,2026-02-26,2026/03/09 - 2026/03/13,12531
2026-03-09,2026-03-13,Wednesday,1,1132R3,Spiritual Warfare 2 - Three Bible Verses that Terrify Demons 02/27/2026,2026-02-27,2026/03/09 - 2026/03/13,12535
2026-03-09,2026-03-13,Thursday,1,1132R4,What is Your DNA? Part 1 02/27/2026,2026-02-27,2026/03/09 - 2026/03/13,12539
2026-03-09,2026-03-13,Friday,1,1132R5,What is Your DNA? Part 2 02/27/2026,2026-02-27,2026/03/09 - 2026/03/13,12543
2026-03-09,2026-03-13,Friday,2,1132SW,Spiritual Warfare Parts 1&2 - How Demons Enter You! - Three Bible Verses that Terrify Demons 02/27/2026,2026-02-27,2026/03/09 - 2026/03/13,12544
2026-03-09,2026-03-13,Friday,filler,1132Sun,,,2026/03/09 - 2026/03/13,12545
2026-03-16,2026-03-20,Monday,1,1133R1,Pastor Tory Grayson - Uganda - Jamaica - USA  03/04/2026,2026-03-04,2026/03/16 - 2026/03/20,12548
2026-03-16,2026-03-20,Tuesday,1,1133R2,Pastor Shaun Esterbrook - Make No Room for Sin Part 1 02/22/2026,2026-02-22,2026/03/16 - 2026/03/20,12552
2026-03-16,2026-03-20,Wednesday,1,1133R3,Pastor Shaun Esterbrook - Make No Room for Sin Part 2 02/22/2026,2026-02-22,2026/03/16 - 2026/03/20,12556
2026-03-16,2026-03-20,Thursday,1,1133R4,Moses' Rod Part 1 03/07/2026,2026-03-07,2026/03/16 - 2026/03/20,12560
2026-03-16,2026-03-20,Friday,1,1133R5,Moses' Rod Part 2 03/07/2026,2026-03-07,2026/03/16 - 2026/03/20,12564
2026-03-16,2026-03-20,Friday,2,1133SW,Moses' Rod Part 1 (Full first message) 03/07/2026,2026-03-07,2026/03/16 - 2026/03/20,12565
2026-03-16,2026-03-20,Friday,filler,1133Sun,,,2026/03/16 - 2026/03/20,12566
2026-03-23,2026-03-27,Monday,1,1134R1,Pastor Tory Grayson - Tanzania  03/12/2026,2026-03-12,2026/03/23 - 2026/03/27,12569
2026-03-23,2026-03-27,Tuesday,1,1134R2,Moses' Rod Part 3 03/14/2026,2026-03-14,2026/03/23 - 2026/03/27,12573
2026-03-23,2026-03-27,Wednesday,1,1134R3,Moses' Rod Part 4 03/14/2026,2026-03-14,2026/03/23 - 2026/03/27,12577
2026-03-23,2026-03-27,Thursday,1,1134R4,Prayer Warriors  03/05/2026,2026-03-05,2026/03/23 - 2026/03/27,12581
2026-03-23,2026-03-27,Friday,1,1134R5,Warning - Prophetic Dreams  03/06/2026,2026-03-06,2026/03/23 - 2026/03/27,12585
2026-03-23,2026-03-27,Friday,2,1134SW,Moses' Rod Part 2 (Full second message) 03/14/2026,2026-03-14,2026/03/23 - 2026/03/27,12586
2026-03-23,2026-03-27,Friday,filler,1134Sun,,,2026/03/23 - 2026/03/27,12587
2026-03-30,2026-04-03,Monday,1,1135R1,Warning - Prophetic Dreams - Seattle - Part 3 03/20/2026,2026-03-20,2026/03/30 - 2026/04/03,12590
2026-03-30,2026-04-03,Tuesday,1,1135R2,Moses' Rod Part 5 03/21/2026,2026-03-21,2026/03/30 - 2026/04/03,12594
2026-03-30,2026-04-03,Wednesday,1,1135R3,Moses' Rod Part 6 03/21/2026,2026-03-21,2026/03/30 - 2026/04/03,12598
2026-03-30,2026-04-03,Thursday,1,1135R4,Pastor Tory Grayson - Liberia & Lawlessness 03/24/2026,2026-03-24,2026/03/30 - 2026/04/03,12602
2026-03-30,2026-04-03,Friday,1,1135R5,Prayer Warriors & Senior Pastors Part 3 03/26/2026,2026-03-26,2026/03/30 - 2026/04/03,12606
2026-03-30,2026-04-03,Friday,2,1135SW,"Moses' Rod Part 3 (Full third message) (Roy Kendall sings ""Give Thanks with a Grateful Heart"") 03/21/2026",2026-03-21,2026/03/30 - 2026/04/03,12607
2026-03-30,2026-04-03,Friday,filler,1135Sun,,,2026/03/30 - 2026/04/03,12608
2026-04-06,2026-04-10,Monday,1,1136R1,Warning - Prophetic Dreams - Guatamalan Illegal Kills American - Part 4 03/26/2026,2026-03-26,2026/04/06 - 2026/04/10,12611
2026-04-06,2026-04-10,Tuesday,1,1136R2,Prayer Warriors & Senior Pastors Part 4 03/27/2026,2026-03-27,2026/04/06 - 2026/04/10,12615
2026-04-06,2026-04-10,Wednesday,1,1136R3,The Passover Season Part 1 03/28/2026,2026-03-28,2026/04/06 - 2026/04/10,12619
2026-04-06,2026-04-10,Thursday,1,1136R4,The Passover Season Part 2 03/28/2026,2026-03-28,2026/04/06 - 2026/04/10,12623
2026-04-06,2026-04-10,Friday,1,1136R5,The Passover Season Part 3 03/28/2026,2026-03-28,2026/04/06 - 2026/04/10,12627
2026-04-06,2026-04-10,Friday,2,1136SW,The Passover Season 03/28/2026,2026-03-28,2026/04/06 - 2026/04/10,12628
2026-04-06,2026-04-10,Friday,filler,1136Sun,,,2026/04/06 - 2026/04/10,12629
2026-04-13,2026-04-17,Monday,1,1137R1,Today's Unholy Alliances 03/30/2026,2026-03-30,2026/04/13 - 2026/04/17,12632
2026-04-13,2026-04-17,Tuesday,1,1137R2,The Power of a Name - Ministers Fred Christian & Vance Miller 03/30/2026,2026-03-30,2026/04/13 - 2026/04/17,12636
2026-04-13,2026-04-17,Wednesday,1,1137R3,"Resurrection Day and Your DNA Part 1 - Deliverance Church Lang'ata by invitation of Bishop Geoffrey Njuguna, Nairobi, Kenya 04/05/2026",2026-04-05,2026/04/13 - 2026/04/17,12640
2026-04-13,2026-04-17,Thursday,1,1137R4,"Resurrection Day and Your DNA Part 2 - Deliverance Church Lang'ata by invitation of Bishop Geoffrey Njuguna, Nairobi, Kenya 04/05/2026",2026-04-05,2026/04/13 - 2026/04/17,12644
2026-04-13,2026-04-17,Friday,1,1137R5,"Resurrection Day and Your DNA Part 3 - Deliverance Church Lang'ata by invitation of Bishop Geoffrey Njuguna, Nairobi, Kenya 04/05/2026",2026-04-05,2026/04/13 - 2026/04/17,12648
2026-04-13,2026-04-17,Friday,2,1137SW,"Resurrection Day and Your DNA - Deliverance Church Lang'ata by invitation of Bishop Geoffrey Njuguna, Nairobi, Kenya 04/05/2026",2026-04-05,2026/04/13 - 2026/04/17,12649
2026-04-13,2026-04-17,Friday,filler,1137Sun,,,2026/04/13 - 2026/04/17,12650
2026-04-20,2026-04-24,Monday,1,1138R1,Why Did God Raise Up Adversaries Against King Solomon? 03/30/2026,2026-03-30,2026/04/20 - 2026/04/24,12653
2026-04-20,2026-04-24,Tuesday,1,1138R2,Dr. EJ Buckardt - Bible - Israel - America - Last Days Part 1 04/04/2026,2026-04-04,2026/04/20 - 2026/04/24,12657
2026-04-20,2026-04-24,Wednesday,1,1138R3,Dr. EJ Buckardt - Bible - Israel - America - Last Days Part 2 04/11/2026,2026-04-11,2026/04/20 - 2026/04/24,12661
2026-04-20,2026-04-24,Thursday,1,1138R4,"I Am a Debtor Part 1 - 8am Service for Bishop Thomas Muthee, Word of Faith Church in Kiambu Kenya 04/12/2026",2026-04-12,2026/04/20 - 2026/04/24,12665
2026-04-20,2026-04-24,Friday,1,1138R5,"I Am a Debtor Part 2 - 8am Service for Bishop Thomas Muthee, Word of Faith Church in Kiambu Kenya 04/12/2026",2026-04-12,2026/04/20 - 2026/04/24,12669
2026-04-20,2026-04-24,Friday,2,1138SW,"I Am a Debtor - 8am Service for Bishop Thomas Muthee, Word of Faith Church in Kiambu Kenya 04/12/2026",2026-04-12,2026/04/20 - 2026/04/24,12670
2026-04-20,2026-04-24,Friday,filler,1138Sun,,,2026/04/20 - 2026/04/24,12671
2026-04-20,2026-04-24,Monday,1,1139R1,Marxist - Islamic - Attack on America 02/06/2026  1129R5,,2026/04/20 - 2026/04/24,12674
2026-04-20,2026-04-24,Tuesday,1,1139R2,Dr. EJ Buckardt - Bible - Israel - America - Last Days - Part 3 04/18/2026,2026-04-18,2026/04/20 - 2026/04/24,12678
2026-04-20,2026-04-24,Wednesday,1,1139R3,"Moses' Rod & Eagles Saving Nations Part 1 - 10:30am service for Bishop Thomas Muthee, Word of Faith Church in Kiambu Kenya 04/12/2026",2026-04-12,2026/04/20 - 2026/04/24,12682
2026-04-20,2026-04-24,Thursday,1,1139R4,"Moses' Rod & Eagles Saving Nations Part 2 - 10:30am service for Bishop Thomas Muthee, Word of Faith Church in Kiambu Kenya 04/12/2026",2026-04-12,2026/04/20 - 2026/04/24,12686
2026-04-20,2026-04-24,Friday,1,1139R5,"Moses' Rod & Eagles Saving Nations Part 3 - 10:30am service for Bishop Thomas Muthee, Word of Faith Church in Kiambu Kenya 04/12/2026",2026-04-12,2026/04/20 - 2026/04/24,12690
2026-04-20,2026-04-24,Friday,2,1139SW,"Moses' Rod & Eagles Saving Nations - 10:30am service for Bishop Thomas Muthee, Word of Faith Church in Kiambu Kenya 04/12/2026",2026-04-12,2026/04/20 - 2026/04/24,12691
2026-04-20,2026-04-24,Friday,filler,1139Sun,,,2026/04/20 - 2026/04/24,12692
2026-05-04,2026-05-08,Monday,1,1140R1,"The Well of Refreshing Part 1 - Bishop Dr. Thomas Muthee, Rebecca Arise Ladies Conference, Word of Faith Church, Kiambu, Kenya 04/13/2026",2026-04-13,2026/05/04 - 2026/05/08,12695
2026-05-04,2026-05-08,Tuesday,1,1140R2,"The Well of Refreshing Part 2 - Bishop Dr. Thomas Muthee, Rebecca Arise Ladies Conference, Word of Faith Church, Kiambu, Kenya 04/13/2026",2026-04-13,2026/05/04 - 2026/05/08,12699
2026-05-04,2026-05-08,Wednesday,1,1140R3,Dr. EJ Buckardt - If - Then 04/25/2026,2026-04-25,2026/05/04 - 2026/05/08,12703
2026-05-04,2026-05-08,Thursday,1,1140R4,"The Supernatural - Egypt's War Against God's People Part 1 - Rev. Dr. Adalia Hansen - Rebecca Arise Ladies Conference, Word of Faith Church Kiambu, Kenya 04/14/2026",2026-04-14,2026/05/04 - 2026/05/08,12707
2026-05-04,2026-05-08,Friday,1,1140R5,"The Supernatural - Egypt's War Against God's People Part 2 - Rev. Dr. Adalia Hansen - Rebecca Arise Ladies Conference, Word of Faith Church Kiambu, Kenya 04/14/2026",2026-04-14,2026/05/04 - 2026/05/08,12711
2026-05-04,2026-05-08,Friday,2,1140SW,"The Well of Refreshing - Bishop Dr. Thomas Muthee, Rebecca Arise Ladies Conference, Word of Faith Church, Kiambu, Kenya 04/13/2026",2026-04-13,2026/05/04 - 2026/05/08,12712
2026-05-04,2026-05-08,Friday,filler,1140Sun,,,2026/05/04 - 2026/05/08,12713
2026-05-11,2026-05-15,Monday,1,1141R1,"Let the Weight of Your Glory Fall Part 1 - Rev. Dr. Adalia Hansen - Rebecca Arise Ladies Conference, Word of Faith Church Kiambu, Kenya 04/15/2026",2026-04-15,2026/05/11 - 2026/05/15,12716
2026-05-11,2026-05-15,Tuesday,1,1141R2,"Let the Weight of Your Glory Fall Part 2 - Rev. Dr. Adalia Hansen - Rebecca Arise Ladies Conference, Word of Faith Church Kiambu, Kenya 04/15/2026",2026-04-15,2026/05/11 - 2026/05/15,12720
2026-05-11,2026-05-15,Wednesday,1,1141R3,The Image of God 04/30/2026,2026-04-30,2026/05/11 - 2026/05/15,12724
2026-05-11,2026-05-15,Thursday,1,1141R4,Bishop Geoffrey Njuguna & Dr. Jonathan Hansen - Kenya 2026 04/30/2026,2026-04-30,2026/05/11 - 2026/05/15,12728
2026-05-11,2026-05-15,Friday,1,1141R5,Eagles Saving the Nations 05/01/2026,2026-05-01,2026/05/11 - 2026/05/15,12732
2026-05-11,2026-05-15,Friday,2,1141SW,"The Supernatural - Egypt's War Against God's People - Rev. Dr. Adalia Hansen - Rebecca Arise Ladies Conference, Word of Faith Church Kiambu, Kenya 04/14/2026",2026-04-14,2026/05/11 - 2026/05/15,12733
2026-05-11,2026-05-15,Friday,filler,1141Sun,,,2026/05/11 - 2026/05/15,12734
2026-05-18,2026-05-22,Monday,1,1142R1,The Fall of Fauci & Spiritual Entities 05/07/2026,2026-05-07,2026/05/18 - 2026/05/22,12737
2026-05-18,2026-05-22,Tuesday,1,1142R2,Nuclear Conflict - Iran in the Bible 05/08/2026,2026-05-08,2026/05/18 - 2026/05/22,12741
2026-05-18,2026-05-22,Wednesday,1,1142R3,Queen Esther Part 1 05/09/2026,2026-05-09,2026/05/18 - 2026/05/22,12745
2026-05-18,2026-05-22,Thursday,1,1142R4,Queen Esther Part 2 05/09/2026,2026-05-09,2026/05/18 - 2026/05/22,12749
2026-05-18,2026-05-22,Friday,1,1142R5,"The War with Iran and Hamas - Gideon Behar, Israel Ambassador to Kenya 04/16/2026",2026-04-16,2026/05/18 - 2026/05/22,12753
2026-05-18,2026-05-22,Friday,2,1142SW,"Let the Weight of Your Glory Fall - Rev. Dr. Adalia Hansen - Rebecca Arise Ladies Conference, Word of Faith Church Kiambu, Kenya 04/15/2026",2026-04-15,2026/05/18 - 2026/05/22,12754
2026-05-18,2026-05-22,Friday,filler,1143Sun,,,2026/05/18 - 2026/05/22,12755
2026-05-25,2026-05-29,Monday,1,1143R1,Kenya 2027 Elections - Bishop Geoffrey Njuguna 05/14/2026,2026-05-14,2026/05/25 - 2026/05/29,12758
2026-05-25,2026-05-29,Tuesday,1,1143R2,Kenya's Prophecy & 2027 Election 05/15/2026,2026-05-15,2026/05/25 - 2026/05/29,12762
2026-05-25,2026-05-29,Wednesday,1,1143R3,Grace - Gods Unspeakable Gift Part 1 - Bishop Dr. Geoffrey Njuguna 05/16/2026,2026-05-16,2026/05/25 - 2026/05/29,12766
2026-05-25,2026-05-29,Thursday,1,1143R4,Grace - Gods Unspeakable Gift Part 2 - Bishop Dr. Geoffrey Njuguna 05/16/2026,2026-05-16,2026/05/25 - 2026/05/29,12770
2026-05-25,2026-05-29,Friday,1,1143R5,Governmental Intercessor - The Overcoming Women - Drs. Adalia & Jonathan Hansen 05/18/2026,2026-05-18,2026/05/25 - 2026/05/29,12774
2026-05-25,2026-05-29,Friday,2,1143SW,Kenya's Prophecy & 2027 Election 1143R2 / Church Leaders in Kenya 1144R1,,2026/05/25 - 2026/05/29,12775
2026-05-25,2026-05-29,Friday,filler,1143Sun,,,2026/05/25 - 2026/05/29,12776
2026-06-01,2026-06-05,Monday,1,1144R1,Church Leaders in Kenya 05/20/2026,2026-05-20,2026/06/01 - 2026/06/05,12779
2026-06-01,2026-06-05,Tuesday,1,1144R2,Redigging the Wells of Faith - Bishop Dr. Geoffrey Njuguna 05/21/2026,2026-05-21,2026/06/01 - 2026/06/05,12783
2026-06-01,2026-06-05,Wednesday,1,1144R3,Grace - Gods Unspeakable Gift Part 3 - Bishop Dr. Geoffrey Njuguna 05/23/2026,2026-05-23,2026/06/01 - 2026/06/05,12787
2026-06-01,2026-06-05,Thursday,1,1144R4,Grace - Gods Unspeakable Gift Part 4 - Bishop Dr. Geoffrey Njuguna 05/23/2026,2026-05-23,2026/06/01 - 2026/06/05,12791
2026-06-01,2026-06-05,Friday,1,1144R5,Apostle Joe Mwaniki & Bishop Dr. Geoffrey Njuguna - Kenya Needs Repentance 05/25/2026,2026-05-25,2026/06/01 - 2026/06/05,12795
2026-06-01,2026-06-05,Friday,2,1144SW,Queen Esther 05/09/2026,2026-05-09,2026/06/01 - 2026/06/05,12796
2026-06-01,2026-06-05,Friday,filler,1144Sun,,,2026/06/01 - 2026/06/05,12797
2026-06-08,2026-06-12,Monday,1,1145R1,Pursue Your Life Purpose - Bishop Dr. Geoffrey Njuguna 05/28/2026,2026-05-28,2026/06/08 - 2026/06/12,12800
2026-06-08,2026-06-12,Tuesday,1,1145R2,Warning - 25 Prophetic Dreams 05/29/2026,2026-05-29,2026/06/08 - 2026/06/12,12804
2026-06-08,2026-06-12,Wednesday,1,1145R3,His Divine Nature Part 1 - Apostle Joe Mwaniki 05/30/2026,2026-05-30,2026/06/08 - 2026/06/12,12808
2026-06-08,2026-06-12,Thursday,1,1145R4,His Divine Nature Part 2 - Apostle Joe Mwaniki 05/30/2026,2026-05-30,2026/06/08 - 2026/06/12,12812
2026-06-08,2026-06-12,Friday,1,1145R5,His Divine Nature Part 3 - Apostle Joe Mwaniki 05/30/2026,2026-05-30,2026/06/08 - 2026/06/12,12816
2026-06-08,2026-06-12,Friday,2,1145SW,His Divine Nature - Apostle Joe Mwaniki 05/30/2026,2026-05-30,2026/06/08 - 2026/06/12,12817
2026-06-08,2026-06-12,Friday,filler,1145Sun,,,2026/06/08 - 2026/06/12,12818
2026-06-15,2026-06-19,Monday,1,1146R1,The Bilding Blocks of Harmony in the Family - Bishop Dr. Geoffrey Njuguna 06/03/2026,2026-06-03,2026/06/15 - 2026/06/19,12821
2026-06-15,2026-06-19,Tuesday,1,1146R2,Warning - 25 Prophetic Dreams Part 2 06/04/2026,2026-06-04,2026/06/15 - 2026/06/19,12825
2026-06-15,2026-06-19,Wednesday,1,1146R3,How Can We Live in the Glory of God and His Presence Part 1 - Apostle Joe Mwaniki 06/05/2026,2026-06-05,2026/06/15 - 2026/06/19,12829
2026-06-15,2026-06-19,Thursday,1,1146R4,How Can We Live in the Glory of God and His Presence Part 2 - Apostle Joe Mwaniki 06/05/2026,2026-06-05,2026/06/15 - 2026/06/19,12833
2026-06-15,2026-06-19,Friday,1,1146R5,How Can We Live in the Glory of God and His Presence Part 3 - Apostle Joe Mwaniki 06/05/2026,2026-06-05,2026/06/15 - 2026/06/19,12837
2026-06-15,2026-06-19,Friday,2,1146SW,How Can We Live in the Glory of God and His Presence - Apostle Joe Mwaniki 06/05/2026,2026-06-05,2026/06/15 - 2026/06/19,12838
2026-06-15,2026-06-19,Friday,filler,1146Sun,,,2026/06/15 - 2026/06/19,12839
2026-06-22,2026-06-26,Monday,1,1147R1,The Heart of God Part 1 - The Overcoming Women - Drs. Adalia & Jonathan Hansen 06/10/2026,2026-06-10,2026/06/22 - 2026/06/26,12842
2026-06-22,2026-06-26,Tuesday,1,1147R2,The Heart of God Part 2 - The Overcoming Women - Drs. Adalia & Jonathan Hansen 06/10/2026,2026-06-10,2026/06/22 - 2026/06/26,12846
2026-06-22,2026-06-26,Wednesday,1,1147R3,Warning - 25 Prophetic Dreams Part 3 06/10/2026,2026-06-10,2026/06/22 - 2026/06/26,12850
2026-06-22,2026-06-26,Thursday,1,1147R4,Warning - 25 Prophetic Dreams Part 4 06/11/2026,2026-06-11,2026/06/22 - 2026/06/26,12854
2026-06-22,2026-06-26,Friday,1,1147R5,God's Unconditional Love - Pastor Elizabeth Kamau Njuguna 06/12/2026,2026-06-12,2026/06/22 - 2026/06/26,12858
2026-06-22,2026-06-26,Friday,2,1147SW,The Heart of God Part 1&2 - The Overcoming Women - Drs. Adalia & Jonathan Hansen 06/10/2026,2026-06-10,2026/06/22 - 2026/06/26,12859
2026-06-22,2026-06-26,Friday,filler,1147Sun,,,2026/06/22 - 2026/06/26,12860
2026-06-29,2026-07-03,Monday,1,1148R1,A Balanced Christian Life - Bishop Geoffrey Njuguna 06/12/2026,2026-06-12,2026/06/29 - 2026/07/03,12863
2026-06-29,2026-07-03,Tuesday,1,1148R2,"Women in Ministry Part 1 - The Overcoming Women - Rev. Elizabeth Kamau of Deliverance Church Lang'Ata, Nairobi Kenya - Pastor Carol Muthiora of Joy Bringers International, Everett WA 06/15/2026",2026-06-15,2026/06/29 - 2026/07/03,12867
2026-06-29,2026-07-03,Wednesday,1,1148R3,"Women in Ministry Part 2 - The Overcoming Women - Rev. Elizabeth Kamau of Deliverance Church Lang'Ata, Nairobi Kenya - Pastor Carol Muthiora of Joy Bringers International, Everett WA 06/15/2026",2026-06-15,2026/06/29 - 2026/07/03,12871
2026-06-29,2026-07-03,Thursday,1,1148R4,Overcoming Tribalism - Bishop Dr. Geoffrey Njuguna 06/18/2026,2026-06-18,2026/06/29 - 2026/07/03,12875
2026-06-29,2026-07-03,Friday,1,1148R5,Does God CELEBRATE Diversity in Marriage? 06/19/2026,2026-06-19,2026/06/29 - 2026/07/03,12879
2026-06-29,2026-07-03,Friday,2,1148SW,"Women in Ministry - The Overcoming Women - Rev. Elizabeth Kamau of Deliverance Church Lang'Ata, Nairobi Kenya - Pastor Carol Muthiora of Joy Bringers International, Everett WA 06/15/2026",2026-06-15,2026/06/29 - 2026/07/03,12880
2026-06-29,2026-07-03,Friday,filler,1148Sun,,,2026/06/29 - 2026/07/03,12881
2026-07-06,2026-07-10,Monday,1,1149R1,Racism - Tribalism & The Holy Spirit 06/20/2026,2026-06-20,2026/07/06 - 2026/07/10,12884
2026-07-06,2026-07-10,Tuesday,1,1149R2,The Sacrifice God Desires 06/24/2026,2026-06-24,2026/07/06 - 2026/07/10,12888
2026-07-06,2026-07-10,Wednesday,1,1149R3,Saving the Nations 06/25/2026,2026-06-25,2026/07/06 - 2026/07/10,12892
2026-07-06,2026-07-10,Thursday,1,1149R4,God Created Fathers to Save the Nations Part 1 06/26/2026,2026-06-26,2026/07/06 - 2026/07/10,12896
2026-07-06,2026-07-10,Friday,1,1149R5,God Created Fathers to Save the Nations Part 2 06/26/2026,2026-06-26,2026/07/06 - 2026/07/10,12900
2026-07-06,2026-07-10,Friday,2,1149SW,God Created Fathers to Save the Nations 06/26/2026,2026-06-26,2026/07/06 - 2026/07/10,12901
2026-07-06,2026-07-10,Friday,filler,1149Sun,,,2026/07/06 - 2026/07/10,12902
2027-07-13,2027-07-17,Monday,1,1150R1,"THERE'S A RIVER Part 1 - Dr. Adalia Hansen - Versatile Ladies Conference, Joy Bringers Church, Everett, WA 06/28/2026",2026-06-28,2027/07/13 - 2027/07/17,12905
2027-07-13,2027-07-17,Tuesday,1,1150R2,"THERE'S A RIVER Part 2 - Dr. Adalia Hansen - Versatile Ladies Conference, Joy Bringers Church, Everett, WA 06/28/2026",2026-06-28,2027/07/13 - 2027/07/17,12909
2027-07-13,2027-07-17,Wednesday,1,1150R3,"THERE'S A RIVER Part 3 - Dr. Adalia Hansen - Versatile Ladies Conference, Joy Bringers Church, Everett, WA 06/28/2026",2026-06-28,2027/07/13 - 2027/07/17,12913
2027-07-13,2027-07-17,Thursday,1,1150R4,The Rapture of the Church Part 1 07/01/2026,2026-07-01,2027/07/13 - 2027/07/17,12917
2027-07-13,2027-07-17,Friday,1,1150R5,The Rapture of the Church Part 2 07/02/2026,2026-07-02,2027/07/13 - 2027/07/17,12921
2027-07-13,2027-07-17,Friday,2,1150SW,"THERE'S A RIVER - Dr. Adalia Hansen - Versatile Ladies Conference, Joy Bringers Church, Everett, WA 06/28/2026",2026-06-28,2027/07/13 - 2027/07/17,12922
2027-07-13,2027-07-17,Friday,filler,1150Sun,,,2027/07/13 - 2027/07/17,12923
2026-07-20,2026-07-24,Monday,1,1151R1,How is Your Altar? 07/03/2026,2026-07-03,2026/07/20 - 2026/07/24,12926
2026-07-20,2026-07-24,Tuesday,1,1151R2,The Rapture of the Church Part 3 07/09/2026,2026-07-09,2026/07/20 - 2026/07/24,12930
2026-07-20,2026-07-24,Wednesday,1,1151R3,The Power of the Holy Spirit in You 07/10/2026,2026-07-10,2026/07/20 - 2026/07/24,12934
2026-07-20,2026-07-24,Thursday,1,1151R4,The Functions of the Holy Spirit Part 1 07/11/2026,2026-07-11,2026/07/20 - 2026/07/24,12938
2026-07-20,2026-07-24,Friday,1,1151R5,The Functions of the Holy Spirit Part 2 07/11/2026,2026-07-11,2026/07/20 - 2026/07/24,12942
2026-07-20,2026-07-24,Friday,2,1151SW,The Power of the Holy Spirit in You 1151R3 / The Functions of the Holy Spirit 1151R4R5,,2026/07/20 - 2026/07/24,12943
2026-07-20,2026-07-24,Friday,filler,1151Sun,,,2026/07/20 - 2026/07/24,12944
2026-07-20,2026-07-24,Monday,1,1152R1,Compassion is the Dorcas Fund 07/15/2026,2026-07-15,2026/07/20 - 2026/07/24,12947
2026-07-20,2026-07-24,Tuesday,1,1152R2,Restoring Hope & Rescuing Lives 07/16/2026,2026-07-16,2026/07/20 - 2026/07/24,12951
2026-07-20,2026-07-24,Wednesday,1,1152R3,Pursuing Unity for the Mission Part 1 07/17/2026,2026-07-17,2026/07/20 - 2026/07/24,12955
2026-07-20,2026-07-24,Thursday,1,1152R4,Pursuing Unity for the Mission Part 2 07/17/2026,2026-07-17,2026/07/20 - 2026/07/24,12959
2026-07-20,2026-07-24,Friday,1,1152R5,Kenya Prophecy - Bishop Joshua Mulinge & Bishop Richard Kimuyu,,2026/07/20 - 2026/07/24,12963
2026-07-20,2026-07-24,Friday,2,1152SW,Compassion is the Dorcas Fund 1152R1 / Restoring Hope & Rescuing Lives 1152R2,,2026/07/20 - 2026/07/24,12964
2026-07-20,2026-07-24,Friday,filler,1152Sun,,,2026/07/20 - 2026/07/24,12965
